-- Tự động export bởi sql-sync-server
-- Thời điểm: 2026-05-14T16:58:59.281Z

DROP DATABASE IF EXISTS asset_management;
CREATE DATABASE asset_management
  CHARACTER SET utf8mb4
  COLLATE utf8mb4_unicode_ci;

USE asset_management;

SET NAMES utf8mb4;
SET FOREIGN_KEY_CHECKS = 0;

-- Bảng: users
CREATE TABLE `users` (
  `id` bigint unsigned NOT NULL AUTO_INCREMENT,
  `username` varchar(100) CHARACTER SET utf8mb4 COLLATE utf8mb4_unicode_ci NOT NULL,
  `password_hash` varchar(255) CHARACTER SET utf8mb4 COLLATE utf8mb4_unicode_ci NOT NULL,
  `full_name` varchar(150) CHARACTER SET utf8mb4 COLLATE utf8mb4_unicode_ci NOT NULL,
  `address` varchar(255) CHARACTER SET utf8mb4 COLLATE utf8mb4_unicode_ci DEFAULT NULL,
  `phone_number` varchar(30) CHARACTER SET utf8mb4 COLLATE utf8mb4_unicode_ci DEFAULT NULL,
  `role` varchar(30) CHARACTER SET utf8mb4 COLLATE utf8mb4_unicode_ci NOT NULL,
  `status` varchar(20) CHARACTER SET utf8mb4 COLLATE utf8mb4_unicode_ci NOT NULL DEFAULT 'ACTIVE',
  `avatar_url` varchar(255) CHARACTER SET utf8mb4 COLLATE utf8mb4_unicode_ci DEFAULT NULL,
  `created_at` datetime NOT NULL DEFAULT CURRENT_TIMESTAMP,
  `updated_at` datetime NOT NULL DEFAULT CURRENT_TIMESTAMP ON UPDATE CURRENT_TIMESTAMP,
  PRIMARY KEY (`id`),
  UNIQUE KEY `uk_users_username` (`username`),
  KEY `idx_users_role` (`role`)
) ENGINE=InnoDB AUTO_INCREMENT=52 DEFAULT CHARSET=utf8mb4 COLLATE=utf8mb4_unicode_ci;

INSERT INTO `users` (`id`, `username`, `password_hash`, `full_name`, `address`, `phone_number`, `role`, `status`, `avatar_url`, `created_at`, `updated_at`) VALUES
(1, 'admin.utc2', '123456', 'Nguyễn Minh Tuấn', 'TP. Hồ Chí Minh', '0909100001', 'ADMIN', 'ACTIVE', NULL, '2026-05-12 07:31:56', '2026-05-12 07:31:56'),
(2, 'truong.phong', '******', 'Trần Thị Lan Anh', 'TP. Hồ Chí Minh', '0909100002', 'Hiệu trưởng', 'ACTIVE', NULL, '2026-05-12 07:31:56', '2026-05-12 21:15:17'),
(3, 'nv.thietbi01', '123456', 'Lê Văn Hùng', 'TP. Hồ Chí Minh', '0909100003', 'STAFF', 'ACTIVE', NULL, '2026-05-12 07:31:56', '2026-05-12 07:31:56'),
(4, 'nv.csvc01', '123456', 'Phạm Thị Mai', 'TP. Hồ Chí Minh', '0909100004', 'STAFF', 'ACTIVE', NULL, '2026-05-12 07:31:56', '2026-05-12 07:31:56'),
(5, 'nv.cntt01', '123456', 'Võ Hoàng Nam', 'TP. Hồ Chí Minh', '0909100005', 'STAFF', 'ACTIVE', NULL, '2026-05-12 07:31:56', '2026-05-12 07:31:56'),
(6, 'truong.khoa.ck', '123456', 'Nguyễn Đức Thắng', 'TP. Hồ Chí Minh', '0909100006', 'MANAGER', 'ACTIVE', NULL, '2026-05-12 07:31:56', '2026-05-12 07:31:56'),
(7, 'truong.khoa.cntt', '123456', 'Bùi Thị Hồng Nhung', 'TP. Hồ Chí Minh', '0909100007', 'MANAGER', 'ACTIVE', NULL, '2026-05-12 07:31:56', '2026-05-12 07:31:56'),
(8, 'truong.khoa.xd', '123456', 'Hoàng Văn Bình', 'TP. Hồ Chí Minh', '0909100008', 'MANAGER', 'ACTIVE', NULL, '2026-05-12 07:31:56', '2026-05-12 07:31:56'),
(9, 'truong.khoa.ktd', '123456', 'Đặng Thị Thu Hằng', 'TP. Hồ Chí Minh', '0909100009', 'MANAGER', 'ACTIVE', NULL, '2026-05-12 07:31:56', '2026-05-12 07:31:56'),
(10, 'truong.khoa.ktoto', '123456', 'Phan Minh Khoa', 'TP. Hồ Chí Minh', '0909100010', 'MANAGER', 'ACTIVE', NULL, '2026-05-12 07:31:56', '2026-05-12 07:31:56'),
(11, 'gv.ck01', '123456', 'Nguyễn Thị Bích Thủy', 'TP. Hồ Chí Minh', '0909100011', 'STAFF', 'ACTIVE', NULL, '2026-05-12 07:31:56', '2026-05-12 07:31:56'),
(12, 'gv.cntt01', '123456', 'Trần Quốc Việt', 'TP. Hồ Chí Minh', '0909100012', 'STAFF', 'ACTIVE', NULL, '2026-05-12 07:31:56', '2026-05-12 07:31:56'),
(13, 'gv.xd01', '123456', 'Lý Thị Kim Phụng', 'TP. Hồ Chí Minh', '0909100013', 'STAFF', 'ACTIVE', NULL, '2026-05-12 07:31:56', '2026-05-12 07:31:56'),
(14, 'gv.ktd01', '123456', 'Vũ Thanh Tùng', 'TP. Hồ Chí Minh', '0909100014', 'STAFF', 'ACTIVE', NULL, '2026-05-12 07:31:56', '2026-05-12 07:31:56'),
(15, 'gv.ktoto01', '123456', 'Đỗ Minh Phúc', 'TP. Hồ Chí Minh', '0909100015', 'STAFF', 'ACTIVE', NULL, '2026-05-12 07:31:56', '2026-05-12 07:31:56'),
(16, 'nv.thietbi02', '123456', 'Ngô Thị Lan', 'TP. Hồ Chí Minh', '0909100016', 'STAFF', 'ACTIVE', NULL, '2026-05-12 07:31:56', '2026-05-12 07:31:56'),
(17, 'nv.csvc02', '123456', 'Cao Văn Dũng', 'TP. Hồ Chí Minh', '0909100017', 'STAFF', 'ACTIVE', NULL, '2026-05-12 07:31:56', '2026-05-12 07:31:56'),
(18, 'gv.ck02', '123456', 'Phan Thị Tuyết', 'TP. Hồ Chí Minh', '0909100018', 'STAFF', 'ACTIVE', NULL, '2026-05-12 07:31:56', '2026-05-12 07:31:56'),
(19, 'gv.cntt02', '123456', 'Lê Hoàng Sơn', 'TP. Hồ Chí Minh', '0909100019', 'STAFF', 'ACTIVE', NULL, '2026-05-12 07:31:56', '2026-05-12 07:31:56'),
(20, 'gv.xd02', '123456', 'Đinh Thị Hoa', 'TP. Hồ Chí Minh', '0909100020', 'STAFF', 'ACTIVE', NULL, '2026-05-12 07:31:56', '2026-05-12 07:31:56'),
(21, 'sv.ck001', '123456', 'Nguyễn Văn An', 'TP. Hồ Chí Minh', '0909200001', 'STUDENT', 'ACTIVE', NULL, '2026-05-12 07:31:56', '2026-05-12 07:31:56'),
(22, 'sv.ck002', '123456', 'Trần Thị Bảo', 'TP. Hồ Chí Minh', '0909200002', 'STUDENT', 'ACTIVE', NULL, '2026-05-12 07:31:56', '2026-05-12 07:31:56'),
(23, 'sv.cntt001', '123456', 'Lê Minh Châu', 'TP. Hồ Chí Minh', '0909200003', 'STUDENT', 'ACTIVE', NULL, '2026-05-12 07:31:56', '2026-05-12 07:31:56'),
(24, 'sv.cntt002', '123456', 'Phạm Văn Đạt', 'TP. Hồ Chí Minh', '0909200004', 'STUDENT', 'ACTIVE', NULL, '2026-05-12 07:31:56', '2026-05-12 07:31:56'),
(25, 'sv.xd001', '123456', 'Võ Thị Ê', 'TP. Hồ Chí Minh', '0909200005', 'STUDENT', 'ACTIVE', NULL, '2026-05-12 07:31:56', '2026-05-12 07:31:56'),
(26, 'sv.xd002', '123456', 'Hoàng Văn Phong', 'TP. Hồ Chí Minh', '0909200006', 'STUDENT', 'ACTIVE', NULL, '2026-05-12 07:31:56', '2026-05-12 07:31:56'),
(27, 'sv.ktoto001', '123456', 'Đặng Thị Giang', 'TP. Hồ Chí Minh', '0909200007', 'STUDENT', 'ACTIVE', NULL, '2026-05-12 07:31:56', '2026-05-12 07:31:56'),
(28, 'sv.ktoto002', '123456', 'Ngô Minh Hiếu', 'TP. Hồ Chí Minh', '0909200008', 'STUDENT', 'ACTIVE', NULL, '2026-05-12 07:31:56', '2026-05-12 07:31:56'),
(29, 'sv.ktd001', '123456', 'Bùi Văn Ích', 'TP. Hồ Chí Minh', '0909200009', 'STUDENT', 'ACTIVE', NULL, '2026-05-12 07:31:56', '2026-05-12 07:31:56'),
(30, 'sv.ktd002', '123456', 'Cao Thị Kim', 'TP. Hồ Chí Minh', '0909200010', 'STUDENT', 'ACTIVE', NULL, '2026-05-12 07:31:56', '2026-05-12 07:31:56'),
(31, 'gv.ktoto02', '123456', 'Trương Văn Lâm', 'TP. Hồ Chí Minh', '0909100031', 'STAFF', 'ACTIVE', NULL, '2026-05-12 07:31:56', '2026-05-12 07:31:56'),
(32, 'gv.ktd02', '123456', 'Nguyễn Thị Mỹ', 'TP. Hồ Chí Minh', '0909100032', 'STAFF', 'ACTIVE', NULL, '2026-05-12 07:31:56', '2026-05-12 07:31:56'),
(33, 'nv.thietbi03', '123456', 'Lê Văn Nghĩa', 'TP. Hồ Chí Minh', '0909100033', 'STAFF', 'ACTIVE', NULL, '2026-05-12 07:31:56', '2026-05-12 07:31:56'),
(34, 'nv.csvc03', '123456', 'Phạm Thị Oanh', 'TP. Hồ Chí Minh', '0909100034', 'STAFF', 'ACTIVE', NULL, '2026-05-12 07:31:56', '2026-05-12 07:31:56'),
(35, 'gv.xd03', '123456', 'Vũ Hoàng Phát', 'TP. Hồ Chí Minh', '0909100035', 'STAFF', 'ACTIVE', NULL, '2026-05-12 07:31:56', '2026-05-12 07:31:56'),
(36, 'gv.ck03', '123456', 'Đỗ Thị Quỳnh', 'TP. Hồ Chí Minh', '0909100036', 'STAFF', 'ACTIVE', NULL, '2026-05-12 07:31:56', '2026-05-12 07:31:56'),
(37, 'gv.cntt03', '123456', 'Ngô Văn Rạng', 'TP. Hồ Chí Minh', '0909100037', 'STAFF', 'ACTIVE', NULL, '2026-05-12 07:31:56', '2026-05-12 07:31:56'),
(38, 'gv.ktoto03', '123456', 'Bùi Thị Sen', 'TP. Hồ Chí Minh', '0909100038', 'STAFF', 'ACTIVE', NULL, '2026-05-12 07:31:56', '2026-05-12 07:31:56'),
(39, 'gv.ktd03', '123456', 'Cao Minh Tiến', 'TP. Hồ Chí Minh', '0909100039', 'STAFF', 'ACTIVE', NULL, '2026-05-12 07:31:56', '2026-05-12 07:31:56'),
(40, 'gv.xd04', '123456', 'Trần Thị Uyên', 'TP. Hồ Chí Minh', '0909100040', 'STAFF', 'ACTIVE', NULL, '2026-05-12 07:31:56', '2026-05-12 07:31:56'),
(41, 'sv.ck003', '123456', 'Lý Văn Vinh', 'TP. Hồ Chí Minh', '0909200041', 'STUDENT', 'ACTIVE', NULL, '2026-05-12 07:31:56', '2026-05-12 07:31:56'),
(42, 'sv.cntt003', '123456', 'Đinh Thị Xuân', 'TP. Hồ Chí Minh', '0909200042', 'STUDENT', 'ACTIVE', NULL, '2026-05-12 07:31:56', '2026-05-12 07:31:56'),
(43, 'sv.xd003', '123456', 'Nguyễn Văn Yên', 'TP. Hồ Chí Minh', '0909200043', 'STUDENT', 'ACTIVE', NULL, '2026-05-12 07:31:56', '2026-05-12 07:31:56'),
(44, 'sv.ktoto003', '123456', 'Trần Thị Zung', 'TP. Hồ Chí Minh', '0909200044', 'STUDENT', 'ACTIVE', NULL, '2026-05-12 07:31:56', '2026-05-12 07:31:56'),
(45, 'sv.ktd003', '123456', 'Lê Văn Anh', 'TP. Hồ Chí Minh', '0909200045', 'STUDENT', 'ACTIVE', NULL, '2026-05-12 07:31:56', '2026-05-12 07:31:56'),
(46, 'sv.ck004', '123456', 'Phạm Thị Bình', 'TP. Hồ Chí Minh', '0909200046', 'STUDENT', 'ACTIVE', NULL, '2026-05-12 07:31:56', '2026-05-12 07:31:56'),
(47, 'sv.cntt004', '123456', 'Võ Văn Cường', 'TP. Hồ Chí Minh', '0909200047', 'STUDENT', 'ACTIVE', NULL, '2026-05-12 07:31:56', '2026-05-12 07:31:56'),
(48, 'sv.xd004', '123456', 'Hoàng Thị Diệu', 'TP. Hồ Chí Minh', '0909200048', 'STUDENT', 'ACTIVE', NULL, '2026-05-12 07:31:56', '2026-05-12 07:31:56'),
(51, '2', '$2a$10$Xzv67M02QEYX1VZxYvmnN.UcOH80aVjx49Iot0J240YkOWNHiT6su', '2', NULL, NULL, 'STUDENT', 'ACTIVE', NULL, '2026-05-14 13:39:02', '2026-05-14 13:39:02');

-- Bảng: categories
CREATE TABLE `categories` (
  `id` bigint unsigned NOT NULL AUTO_INCREMENT,
  `code` varchar(50) CHARACTER SET utf8mb4 COLLATE utf8mb4_unicode_ci NOT NULL,
  `name` varchar(150) CHARACTER SET utf8mb4 COLLATE utf8mb4_unicode_ci NOT NULL,
  `type` varchar(50) CHARACTER SET utf8mb4 COLLATE utf8mb4_unicode_ci DEFAULT NULL,
  `created_at` datetime NOT NULL DEFAULT CURRENT_TIMESTAMP,
  `updated_at` datetime NOT NULL DEFAULT CURRENT_TIMESTAMP ON UPDATE CURRENT_TIMESTAMP,
  PRIMARY KEY (`id`),
  UNIQUE KEY `uk_categories_code` (`code`)
) ENGINE=InnoDB AUTO_INCREMENT=51 DEFAULT CHARSET=utf8mb4 COLLATE=utf8mb4_unicode_ci;

INSERT INTO `categories` (`id`, `code`, `name`, `type`, `created_at`, `updated_at`) VALUES
(1, 'CAT001', 'Máy chiếu 002', 'default', '2026-05-12 07:31:56', '2026-05-14 08:24:33'),
(2, 'CAT002', 'Loa âm trần', 'ASSET', '2026-05-12 07:31:56', '2026-05-12 07:31:56'),
(3, 'CAT003', 'Micro không dây', 'ASSET', '2026-05-12 07:31:56', '2026-05-12 07:31:56'),
(4, 'CAT004', 'Máy lạnh', 'ASSET', '2026-05-12 07:31:56', '2026-05-12 07:31:56'),
(5, 'CAT005', 'Quạt trần', 'ASSET', '2026-05-12 07:31:56', '2026-05-12 07:31:56'),
(6, 'CAT006', 'Bàn học', 'ASSET', '2026-05-12 07:31:56', '2026-05-12 07:31:56'),
(7, 'CAT007', 'Ghế học', 'ASSET', '2026-05-12 07:31:56', '2026-05-12 07:31:56'),
(8, 'CAT008', 'Bảng trắng', 'ASSET', '2026-05-12 07:31:56', '2026-05-12 07:31:56'),
(9, 'CAT009', 'Máy tính để bàn', 'ASSET', '2026-05-12 07:31:56', '2026-05-12 07:31:56'),
(10, 'CAT010', 'Màn chiếu', 'ASSET', '2026-05-12 07:31:56', '2026-05-12 07:31:56'),
(11, 'CAT011', 'Bộ phát WiFi', 'ASSET', '2026-05-12 07:31:56', '2026-05-12 07:31:56'),
(12, 'CAT012', 'Camera giám sát', 'ASSET', '2026-05-12 07:31:56', '2026-05-12 07:31:56'),
(13, 'CAT013', 'Tủ tài liệu', 'ASSET', '2026-05-12 07:31:56', '2026-05-12 07:31:56'),
(14, 'CAT014', 'Thiết bị thực hành điện', 'ASSET', '2026-05-12 07:31:56', '2026-05-12 07:31:56'),
(15, 'CAT015', 'Thiết bị thực hành ô tô', 'ASSET', '2026-05-12 07:31:56', '2026-05-12 07:31:56'),
(16, 'CAT016', 'Bộ mô phỏng cơ điện tử', 'ASSET', '2026-05-12 07:31:56', '2026-05-12 07:31:56'),
(17, 'CAT017', 'Bàn vẽ studio', 'ASSET', '2026-05-12 07:31:56', '2026-05-12 07:31:56'),
(18, 'CAT018', 'Đèn chiếu sáng LED', 'ASSET', '2026-05-12 07:31:56', '2026-05-12 07:31:56'),
(19, 'CAT019', 'Ổn áp phòng máy', 'ASSET', '2026-05-12 07:31:56', '2026-05-12 07:31:56'),
(20, 'CAT020', 'Bục giảng', 'ASSET', '2026-05-12 07:31:56', '2026-05-12 07:31:56'),
(21, 'CAT021', 'NGAN_SACH', 'FUND_SOURCE', '2026-05-12 07:31:56', '2026-05-12 07:31:56'),
(22, 'CAT022', 'DU_AN', 'FUND_SOURCE', '2026-05-12 07:31:56', '2026-05-12 07:31:56'),
(23, 'CAT023', 'TAI_TRO', 'FUND_SOURCE', '2026-05-12 07:31:56', '2026-05-12 07:31:56'),
(24, 'CAT024', 'XHH', 'FUND_SOURCE', '2026-05-12 07:31:56', '2026-05-12 07:31:56'),
(25, 'CAT025', 'NGHIEN_CUU', 'FUND_SOURCE', '2026-05-12 07:31:56', '2026-05-12 07:31:56'),
(26, 'CAT026', 'BAO_TRI', 'FUND_SOURCE', '2026-05-12 07:31:56', '2026-05-12 07:31:56'),
(27, 'CAT027', 'NANG_CAP', 'FUND_SOURCE', '2026-05-12 07:31:56', '2026-05-12 07:31:56'),
(28, 'CAT028', 'MUA_SAM_TAP_TRUNG', 'FUND_SOURCE', '2026-05-12 07:31:56', '2026-05-12 07:31:56'),
(29, 'CAT029', 'THU_HOC_PHI', 'FUND_SOURCE', '2026-05-12 07:31:56', '2026-05-12 07:31:56'),
(30, 'CAT030', 'THU_SU_NGHIEP', 'FUND_SOURCE', '2026-05-12 07:31:56', '2026-05-12 07:31:56'),
(31, 'CAT031', 'Máy in', 'ASSET', '2026-05-12 07:31:56', '2026-05-12 07:31:56'),
(32, 'CAT032', 'Máy photocopy', 'ASSET', '2026-05-12 07:31:56', '2026-05-12 07:31:56'),
(33, 'CAT033', 'Switch mạng', 'ASSET', '2026-05-12 07:31:56', '2026-05-12 07:31:56'),
(34, 'CAT034', 'Tủ rack', 'ASSET', '2026-05-12 07:31:56', '2026-05-12 07:31:56'),
(35, 'CAT035', 'Màn hình tương tác', 'ASSET', '2026-05-12 07:31:56', '2026-05-12 07:31:56'),
(36, 'CAT036', 'Bàn thí nghiệm', 'ASSET', '2026-05-12 07:31:56', '2026-05-12 07:31:56'),
(37, 'CAT037', 'Ghế xoay phòng lab', 'ASSET', '2026-05-12 07:31:56', '2026-05-12 07:31:56'),
(38, 'CAT038', 'Kệ dụng cụ cơ khí', 'ASSET', '2026-05-12 07:31:56', '2026-05-12 07:31:56'),
(39, 'CAT039', 'Bộ đồ nghề sửa chữa', 'ASSET', '2026-05-12 07:31:56', '2026-05-12 07:31:56'),
(40, 'CAT040', 'Mô hình động cơ', 'ASSET', '2026-05-12 07:31:56', '2026-05-12 07:31:56'),
(41, 'CAT041', 'Nắp che dây điện', 'ASSET', '2026-05-12 07:31:56', '2026-05-12 07:31:56'),
(42, 'CAT042', 'Bộ UPS', 'ASSET', '2026-05-12 07:31:56', '2026-05-12 07:31:56'),
(43, 'CAT043', 'Máy hút ẩm', 'ASSET', '2026-05-12 07:31:56', '2026-05-12 07:31:56'),
(44, 'CAT044', 'Cảm biến nhiệt độ', 'ASSET', '2026-05-12 07:31:56', '2026-05-12 07:31:56'),
(45, 'CAT045', 'Thiết bị chấm công', 'ASSET', '2026-05-12 07:31:56', '2026-05-12 07:31:56'),
(46, 'CAT046', 'Nội thất lớp học', 'ASSET', '2026-05-12 07:31:56', '2026-05-12 07:31:56'),
(47, 'CAT047', 'Vật tư tiêu hao', 'ASSET', '2026-05-12 07:31:56', '2026-05-12 07:31:56'),
(48, 'CAT048', 'Kinh phí sửa chữa', 'FUND_SOURCE', '2026-05-12 07:31:56', '2026-05-12 07:31:56'),
(49, 'CAT049', 'Kinh phí thanh lý', 'FUND_SOURCE', '2026-05-12 07:31:56', '2026-05-12 07:31:56');

-- Bảng: rooms
CREATE TABLE `rooms` (
  `id` bigint unsigned NOT NULL AUTO_INCREMENT,
  `room_code` varchar(50) CHARACTER SET utf8mb4 COLLATE utf8mb4_unicode_ci NOT NULL,
  `building_code` varchar(30) CHARACTER SET utf8mb4 COLLATE utf8mb4_unicode_ci NOT NULL,
  `floor` int NOT NULL,
  `class_using` varchar(100) CHARACTER SET utf8mb4 COLLATE utf8mb4_unicode_ci DEFAULT NULL,
  `department` varchar(150) CHARACTER SET utf8mb4 COLLATE utf8mb4_unicode_ci DEFAULT NULL,
  `capacity` int NOT NULL,
  `status` varchar(30) CHARACTER SET utf8mb4 COLLATE utf8mb4_unicode_ci NOT NULL,
  `teacher_name` varchar(150) CHARACTER SET utf8mb4 COLLATE utf8mb4_unicode_ci DEFAULT NULL,
  `class_studying` varchar(100) CHARACTER SET utf8mb4 COLLATE utf8mb4_unicode_ci DEFAULT NULL,
  `desk_count` int NOT NULL DEFAULT '0',
  `chair_count` int NOT NULL DEFAULT '0',
  `speaker_count` int NOT NULL DEFAULT '0',
  `air_conditioner_count` int NOT NULL DEFAULT '0',
  `microphone_count` int NOT NULL DEFAULT '0',
  `glass_door_status` varchar(30) CHARACTER SET utf8mb4 COLLATE utf8mb4_unicode_ci DEFAULT NULL,
  `ceiling_fan_count` int NOT NULL DEFAULT '0',
  `curtain_status` varchar(30) CHARACTER SET utf8mb4 COLLATE utf8mb4_unicode_ci DEFAULT NULL,
  `created_at` datetime NOT NULL DEFAULT CURRENT_TIMESTAMP,
  `updated_at` datetime NOT NULL DEFAULT CURRENT_TIMESTAMP ON UPDATE CURRENT_TIMESTAMP,
  PRIMARY KEY (`id`),
  UNIQUE KEY `uk_rooms_room_code` (`room_code`),
  KEY `idx_rooms_building_code` (`building_code`)
) ENGINE=InnoDB AUTO_INCREMENT=51 DEFAULT CHARSET=utf8mb4 COLLATE=utf8mb4_unicode_ci;

INSERT INTO `rooms` (`id`, `room_code`, `building_code`, `floor`, `class_using`, `department`, `capacity`, `status`, `teacher_name`, `class_studying`, `desk_count`, `chair_count`, `speaker_count`, `air_conditioner_count`, `microphone_count`, `glass_door_status`, `ceiling_fan_count`, `curtain_status`, `created_at`, `updated_at`) VALUES
(1, 'A101', 'A', 1, 'DH24CK01', 'Khoa Cơ khí', 45, 'IN_USE', 'Nguyễn Đức Thắng', 'DH24CK01', 23, 45, 2, 2, 1, 'INTACT', 0, 'YES', '2026-05-12 07:31:56', '2026-05-12 07:31:56'),
(3, 'A103', 'A', 1, 'DH24CNTT01', 'Khoa Công nghệ Thông tin', 45, 'AVAILABLE', 'Bùi Thị Hồng Nhung', 'DH24CNTT01', 23, 45, 2, 2, 1, 'INTACT', 0, 'NO', '2026-05-12 07:31:56', '2026-05-12 07:31:56'),
(4, 'A201', 'A', 2, 'DH24CNTT02', 'Khoa Công nghệ Thông tin', 45, 'IN_USE', 'Trần Quốc Việt', 'DH24CNTT02', 23, 45, 2, 2, 1, 'INTACT', 0, 'YES', '2026-05-12 07:31:56', '2026-05-12 07:31:56'),
(5, 'A202', 'A', 2, 'DH24XD01', 'Khoa Xây dựng', 45, 'IN_USE', 'Hoàng Văn Bình', 'DH24XD01', 23, 45, 2, 2, 1, 'CRACKED', 0, 'YES', '2026-05-12 07:31:56', '2026-05-12 07:31:56'),
(6, 'A203', 'A', 2, 'DH24XD02', 'Khoa Xây dựng', 45, 'AVAILABLE', 'Lý Thị Kim Phụng', 'DH24XD02', 23, 45, 2, 2, 1, 'INTACT', 0, 'YES', '2026-05-12 07:31:56', '2026-05-12 07:31:56'),
(7, 'A301', 'A', 3, 'DH24KTD01', 'Khoa Kỹ thuật Điện', 60, 'IN_USE', 'Đặng Thị Thu Hằng', 'DH24KTD01', 30, 60, 3, 3, 2, 'INTACT', 0, 'NO', '2026-05-12 07:31:56', '2026-05-12 07:31:56'),
(8, 'A302', 'A', 3, 'DH24KTD02', 'Khoa Kỹ thuật Điện', 60, 'IN_USE', 'Vũ Thanh Tùng', 'DH24KTD02', 30, 60, 3, 3, 2, 'INTACT', 0, 'NO', '2026-05-12 07:31:56', '2026-05-12 07:31:56'),
(9, 'A303', 'A', 3, 'DH24KTOTO01', 'Khoa Kỹ thuật Ô tô', 60, 'IN_USE', 'Phan Minh Khoa', 'DH24KTOTO01', 30, 60, 2, 2, 1, 'INTACT', 0, 'YES', '2026-05-12 07:31:56', '2026-05-12 07:31:56'),
(11, 'B101', 'B', 1, 'DH24CK03', 'Khoa Cơ khí', 45, 'IN_USE', 'Phan Thị Tuyết', 'DH24CK03', 23, 45, 2, 2, 1, 'BROKEN', 0, 'NO', '2026-05-12 07:31:56', '2026-05-12 07:31:56'),
(12, 'B102', 'B', 1, 'DH24CK04', 'Khoa Cơ khí', 45, 'AVAILABLE', 'Trương Văn Lâm', 'DH24CK04', 23, 45, 2, 2, 1, 'INTACT', 0, 'NO', '2026-05-12 07:31:56', '2026-05-12 07:31:56'),
(13, 'B103', 'B', 1, 'DH24CNTT03', 'Khoa Công nghệ Thông tin', 45, 'IN_USE', 'Lê Hoàng Sơn', 'DH24CNTT03', 23, 45, 2, 2, 1, 'CRACKED', 0, 'YES', '2026-05-12 07:31:56', '2026-05-12 07:31:56'),
(14, 'B201', 'B', 2, 'DH24CNTT04', 'Khoa Công nghệ Thông tin', 45, 'IN_USE', 'Nguyễn Thị Mỹ', 'DH24CNTT04', 23, 45, 2, 2, 1, 'INTACT', 0, 'NO', '2026-05-12 07:31:56', '2026-05-12 07:31:56'),
(15, 'B202', 'B', 2, 'DH24XD03', 'Khoa Xây dựng', 45, 'IN_USE', 'Vũ Hoàng Phát', 'DH24XD03', 23, 45, 2, 2, 1, 'INTACT', 0, 'NO', '2026-05-12 07:31:56', '2026-05-12 07:31:56'),
(16, 'B203', 'B', 2, 'DH24XD04', 'Khoa Xây dựng', 45, 'IN_USE', 'Đinh Thị Hoa', 'DH24XD04', 23, 45, 2, 2, 1, 'INTACT', 3, 'NO', '2026-05-12 07:31:56', '2026-05-12 07:31:56'),
(17, 'B301', 'B', 3, 'DH24KTD03', 'Khoa Kỹ thuật Điện', 60, 'AVAILABLE', 'Nguyễn Thị Mỹ', 'DH24KTD03', 30, 60, 2, 2, 1, 'INTACT', 0, 'YES', '2026-05-12 07:31:56', '2026-05-12 07:31:56'),
(18, 'B302', 'B', 3, 'DH24KTD04', 'Khoa Kỹ thuật Điện', 60, 'IN_USE', 'Lê Văn Nghĩa', 'DH24KTD04', 30, 60, 2, 2, 1, 'CRACKED', 0, 'YES', '2026-05-12 07:31:56', '2026-05-12 07:31:56'),
(19, 'B303', 'B', 3, 'DH24KTOTO03', 'Khoa Kỹ thuật Ô tô', 60, 'AVAILABLE', 'Nguyễn Thị Bích Thủy', 'DH24KTOTO03', 30, 60, 2, 2, 1, 'INTACT', 3, 'YES', '2026-05-12 07:31:56', '2026-05-12 07:31:56'),
(20, 'B304', 'B', 3, 'DH24KTOTO04', 'Khoa Kỹ thuật Ô tô', 60, 'IN_USE', 'Trần Thị Uyên', 'DH24KTOTO04', 30, 60, 2, 2, 1, 'INTACT', 0, 'YES', '2026-05-12 07:31:56', '2026-05-12 07:31:56'),
(21, 'C101', 'C', 1, 'DH24CK05', 'Khoa Cơ khí', 40, 'IN_USE', 'Đỗ Thị Quỳnh', 'DH24CK05', 20, 40, 1, 1, 1, 'INTACT', 0, 'YES', '2026-05-12 07:31:56', '2026-05-12 07:31:56'),
(22, 'C102', 'C', 1, 'DH24CNTT05', 'Khoa Công nghệ Thông tin', 40, 'IN_USE', 'Ngô Văn Rạng', 'DH24CNTT05', 20, 40, 1, 1, 1, 'INTACT', 0, 'NO', '2026-05-12 07:31:56', '2026-05-12 07:31:56'),
(23, 'C103', 'C', 1, 'DH24XD05', 'Khoa Xây dựng', 40, 'AVAILABLE', 'Đinh Thị Hoa', 'DH24XD05', 20, 40, 1, 1, 1, 'INTACT', 0, 'NO', '2026-05-12 07:31:56', '2026-05-12 07:31:56'),
(24, 'C201', 'C', 2, 'DH24KTD05', 'Khoa Kỹ thuật Điện', 40, 'IN_USE', 'Cao Minh Tiến', 'DH24KTD05', 20, 40, 1, 1, 1, 'BROKEN', 0, 'YES', '2026-05-12 07:31:56', '2026-05-12 07:31:56'),
(25, 'C202', 'C', 2, 'DH24KTOTO05', 'Khoa Kỹ thuật Ô tô', 40, 'AVAILABLE', 'Bùi Thị Sen', 'DH24KTOTO05', 20, 40, 1, 1, 1, 'INTACT', 3, 'NO', '2026-05-12 07:31:56', '2026-05-12 07:31:56'),
(26, 'C203', 'C', 2, 'DH24CK06', 'Khoa Cơ khí', 40, 'IN_USE', 'Phạm Thị Oanh', 'DH24CK06', 20, 40, 1, 1, 1, 'INTACT', 0, 'NO', '2026-05-12 07:31:56', '2026-05-12 07:31:56'),
(27, 'D101', 'D', 1, 'DH24CNTT06', 'Khoa Công nghệ Thông tin', 35, 'IN_USE', 'Gv.Cntt03', 'DH24CNTT06', 18, 35, 1, 1, 1, 'CRACKED', 0, 'NO', '2026-05-12 07:31:56', '2026-05-12 07:31:56'),
(28, 'D102', 'D', 1, 'DH24XD06', 'Khoa Xây dựng', 35, 'AVAILABLE', 'Gv.Xd04', 'DH24XD06', 18, 35, 1, 1, 1, 'INTACT', 0, 'NO', '2026-05-12 07:31:56', '2026-05-12 07:31:56'),
(29, 'D201', 'D', 2, 'DH24KTD06', 'Khoa Kỹ thuật Điện', 35, 'IN_USE', 'Gv.Ktd03', 'DH24KTD06', 18, 35, 1, 1, 1, 'INTACT', 0, 'NO', '2026-05-12 07:31:56', '2026-05-12 07:31:56'),
(30, 'D202', 'D', 2, 'DH24KTOTO06', 'Khoa Kỹ thuật Ô tô', 35, 'IN_USE', 'Gv.Ktoto03', 'DH24KTOTO06', 18, 35, 1, 1, 1, 'INTACT', 0, 'YES', '2026-05-12 07:31:56', '2026-05-12 07:31:56'),
(31, 'LAB_CK01', 'XƯỞNG', 1, 'DH24CK01', 'Khoa Cơ khí', 30, 'IN_USE', 'Nguyễn Đức Thắng', 'DH24CK01', 15, 30, 2, 4, 1, 'BROKEN', 0, 'YES', '2026-05-12 07:31:56', '2026-05-12 07:31:56'),
(32, 'LAB_CK02', 'XƯỞNG', 1, 'DH24CK02', 'Khoa Cơ khí', 30, 'IN_USE', 'Trương Văn Lâm', 'DH24CK02', 15, 30, 2, 4, 1, 'INTACT', 0, 'NO', '2026-05-12 07:31:56', '2026-05-12 07:31:56'),
(33, 'LAB_CNTT01', 'XƯỞNG', 2, 'DH24CNTT01', 'Khoa Công nghệ Thông tin', 35, 'AVAILABLE', 'Bùi Thị Hồng Nhung', 'DH24CNTT01', 35, 35, 2, 4, 1, 'INTACT', 0, 'NO', '2026-05-12 07:31:56', '2026-05-12 07:31:56'),
(34, 'LAB_CNTT02', 'XƯỞNG', 2, 'DH24CNTT02', 'Khoa Công nghệ Thông tin', 35, 'AVAILABLE', 'Lê Hoàng Sơn', 'DH24CNTT02', 35, 35, 2, 4, 1, 'INTACT', 3, 'NO', '2026-05-12 07:31:56', '2026-05-12 07:31:56'),
(35, 'LAB_KTD01', 'XƯỞNG', 2, 'DH24KTD01', 'Khoa Kỹ thuật Điện', 30, 'IN_USE', 'Đặng Thị Thu Hằng', 'DH24KTD01', 15, 30, 2, 4, 1, 'INTACT', 0, 'YES', '2026-05-12 07:31:56', '2026-05-12 07:31:56'),
(36, 'LAB_KTD02', 'XƯỞNG', 2, 'DH24KTD02', 'Khoa Kỹ thuật Điện', 30, 'AVAILABLE', 'Vũ Thanh Tùng', 'DH24KTD02', 15, 30, 2, 4, 1, 'CRACKED', 0, 'YES', '2026-05-12 07:31:56', '2026-05-12 07:31:56'),
(37, 'LAB_KTOTO01', 'XƯỞNG', 3, 'DH24KTOTO01', 'Khoa Kỹ thuật Ô tô', 25, 'IN_USE', 'Phan Minh Khoa', 'DH24KTOTO01', 12, 25, 1, 3, 1, 'INTACT', 0, 'YES', '2026-05-12 07:31:56', '2026-05-12 07:31:56'),
(38, 'LAB_KTOTO02', 'XƯỞNG', 3, 'DH24KTOTO02', 'Khoa Kỹ thuật Ô tô', 25, 'AVAILABLE', 'Đỗ Minh Phúc', 'DH24KTOTO02', 12, 25, 1, 3, 1, 'INTACT', 0, 'NO', '2026-05-12 07:31:56', '2026-05-12 07:31:56'),
(39, 'LAB_XD01', 'XƯỞNG', 1, 'DH24XD01', 'Khoa Xây dựng', 30, 'MAINTENANCE', 'Hoàng Văn Bình', 'DH24XD01', 15, 30, 1, 3, 1, 'INTACT', 0, 'NO', '2026-05-12 07:31:56', '2026-05-12 07:31:56'),
(40, 'LAB_XD02', 'XƯỞNG', 1, 'DH24XD02', 'Khoa Xây dựng', 30, 'IN_USE', 'Lý Thị Kim Phụng', 'DH24XD02', 15, 30, 1, 3, 1, 'CRACKED', 0, 'YES', '2026-05-12 07:31:56', '2026-05-12 07:31:56'),
(41, 'VPKHOA_CK', 'A', 4, NULL, 'Khoa Cơ khí', 15, 'IN_USE', 'Nguyễn Đức Thắng', NULL, 8, 15, 1, 2, 1, 'INTACT', 0, 'NO', '2026-05-12 07:31:56', '2026-05-12 07:31:56'),
(42, 'VPKHOA_CNTT', 'A', 4, NULL, 'Khoa Công nghệ Thông tin', 15, 'IN_USE', 'Bùi Thị Hồng Nhung', NULL, 8, 15, 1, 2, 1, 'INTACT', 0, 'NO', '2026-05-12 07:31:56', '2026-05-12 07:31:56'),
(43, 'VPKHOA_XD', 'B', 4, NULL, 'Khoa Xây dựng', 15, 'IN_USE', 'Hoàng Văn Bình', NULL, 8, 15, 1, 2, 1, 'INTACT', 0, 'YES', '2026-05-12 07:31:56', '2026-05-12 07:31:56'),
(44, 'VPKHOA_KTD', 'B', 4, NULL, 'Khoa Kỹ thuật Điện', 15, 'IN_USE', 'Đặng Thị Thu Hằng', NULL, 8, 15, 1, 2, 1, 'INTACT', 0, 'YES', '2026-05-12 07:31:56', '2026-05-12 07:31:56'),
(45, 'VPKHOA_KTOTO', 'C', 3, NULL, 'Khoa Kỹ thuật Ô tô', 15, 'IN_USE', 'Phan Minh Khoa', NULL, 8, 15, 1, 2, 1, 'INTACT', 0, 'NO', '2026-05-12 07:31:56', '2026-05-12 07:31:56'),
(46, 'VP_CSVC', 'A', 1, NULL, 'Phòng Cơ sở Vật chất', 10, 'IN_USE', 'Trần Thị Lan Anh', NULL, 5, 10, 1, 1, 1, 'INTACT', 0, 'NO', '2026-05-12 07:31:56', '2026-05-12 07:31:56'),
(47, 'VP_THIETBI', 'A', 1, NULL, 'Phòng Thiết bị', 10, 'IN_USE', 'Trần Thị Lan Anh', NULL, 5, 10, 1, 1, 1, 'INTACT', 0, 'NO', '2026-05-12 07:31:56', '2026-05-12 07:31:56'),
(48, 'VP_CNTT', 'A', 1, NULL, 'Phòng Công nghệ Thông tin', 10, 'IN_USE', 'Võ Hoàng Nam', NULL, 5, 10, 1, 1, 1, 'INTACT', 0, 'NO', '2026-05-12 07:31:56', '2026-05-12 07:31:56'),
(49, 'HOI_TRUONG', 'A', 1, NULL, 'Ban Giám hiệu', 200, 'AVAILABLE', NULL, NULL, 100, 200, 4, 8, 4, 'INTACT', 0, 'YES', '2026-05-12 07:31:56', '2026-05-12 07:31:56'),
(50, 'PHONG_BGH', 'A', 1, NULL, 'Ban Giám hiệu', 20, 'IN_USE', NULL, NULL, 10, 20, 1, 2, 1, 'INTACT', 0, 'NO', '2026-05-12 07:31:56', '2026-05-12 07:31:56');

-- Bảng: assets
CREATE TABLE `assets` (
  `id` bigint unsigned NOT NULL AUTO_INCREMENT,
  `card_number` varchar(50) CHARACTER SET utf8mb4 COLLATE utf8mb4_unicode_ci NOT NULL,
  `asset_name` varchar(200) CHARACTER SET utf8mb4 COLLATE utf8mb4_unicode_ci NOT NULL,
  `provider` varchar(200) CHARACTER SET utf8mb4 COLLATE utf8mb4_unicode_ci DEFAULT NULL,
  `country` varchar(100) CHARACTER SET utf8mb4 COLLATE utf8mb4_unicode_ci DEFAULT NULL,
  `department` varchar(150) CHARACTER SET utf8mb4 COLLATE utf8mb4_unicode_ci DEFAULT NULL,
  `classroom` varchar(100) CHARACTER SET utf8mb4 COLLATE utf8mb4_unicode_ci DEFAULT NULL,
  `asset_type` varchar(100) CHARACTER SET utf8mb4 COLLATE utf8mb4_unicode_ci DEFAULT NULL,
  `item_category` varchar(100) CHARACTER SET utf8mb4 COLLATE utf8mb4_unicode_ci DEFAULT NULL,
  `manufacture_year` int DEFAULT NULL,
  `unit_price` decimal(18,2) DEFAULT NULL,
  `quantity` int NOT NULL DEFAULT '0',
  `original_price` decimal(18,2) DEFAULT NULL,
  `fund_source` varchar(100) CHARACTER SET utf8mb4 COLLATE utf8mb4_unicode_ci DEFAULT NULL,
  `usage_time` int DEFAULT NULL,
  `purchase_date` date DEFAULT NULL,
  `usage_year` int DEFAULT NULL,
  `buyer_user_id` bigint unsigned DEFAULT NULL,
  `room_id` bigint unsigned DEFAULT NULL,
  `status` varchar(30) CHARACTER SET utf8mb4 COLLATE utf8mb4_unicode_ci NOT NULL DEFAULT 'IN_USE',
  `note` text CHARACTER SET utf8mb4 COLLATE utf8mb4_unicode_ci,
  `created_at` datetime NOT NULL DEFAULT CURRENT_TIMESTAMP,
  `updated_at` datetime NOT NULL DEFAULT CURRENT_TIMESTAMP ON UPDATE CURRENT_TIMESTAMP,
  PRIMARY KEY (`id`),
  UNIQUE KEY `uk_assets_card_number` (`card_number`),
  KEY `idx_assets_status` (`status`),
  KEY `idx_assets_item_category` (`item_category`),
  KEY `fk_assets_buyer_user_id` (`buyer_user_id`),
  KEY `fk_assets_room_id` (`room_id`),
  CONSTRAINT `fk_assets_buyer_user_id` FOREIGN KEY (`buyer_user_id`) REFERENCES `users` (`id`),
  CONSTRAINT `fk_assets_room_id` FOREIGN KEY (`room_id`) REFERENCES `rooms` (`id`)
) ENGINE=InnoDB AUTO_INCREMENT=51 DEFAULT CHARSET=utf8mb4 COLLATE=utf8mb4_unicode_ci;

INSERT INTO `assets` (`id`, `card_number`, `asset_name`, `provider`, `country`, `department`, `classroom`, `asset_type`, `item_category`, `manufacture_year`, `unit_price`, `quantity`, `original_price`, `fund_source`, `usage_time`, `purchase_date`, `usage_year`, `buyer_user_id`, `room_id`, `status`, `note`, `created_at`, `updated_at`) VALUES
(1, '1001', 'Máy lạnh Daikin', 'Công ty TNHH Điện lạnh Hòa Bình', 'Japan', 'Khoa Cơ khí', 'DH24CK01', 'LAB_EQUIPMENT', 'CAT004', 2024, '8500000.00', 2, '17000000.00', 'NGAN_SACH', 2, '2024-01-13 17:00:00', 2024, 4, 1, 'MAINTENANCE', 'Tài sản tại phòng A101; tình trạng bảo trì', '2026-05-12 07:31:56', '2026-05-12 07:31:56'),
(3, '1003', 'Camera giám sát', 'Công ty TNHH An Ninh Miền Nam', 'Viet Nam', 'Phòng Cơ sở Vật chất', NULL, 'ELECTRONIC', 'CAT012', 2022, '3200000.00', 8, '25600000.00', 'NGAN_SACH', 3, '2022-03-08 17:00:00', 2022, 4, 46, 'BROKEN', 'Tài sản tại phòng VP_CSVC; tình trạng hư hỏng', '2026-05-12 07:31:56', '2026-05-12 07:31:56'),
(4, '1004', 'Máy lạnh Daikin', 'Công ty TNHH Điện lạnh Hòa Bình', 'Japan', 'Khoa Kỹ thuật Điện', 'DH24KTD01', 'LAB_EQUIPMENT', 'CAT004', 2023, '9200000.00', 3, '27600000.00', 'NGAN_SACH', 2, '2023-06-03 17:00:00', 2023, 4, 35, 'IN_USE', 'Tài sản tại phòng LAB_KTD01; tình trạng đang sử dụng', '2026-05-12 07:31:56', '2026-05-12 07:31:56'),
(5, '1005', 'Bàn thí nghiệm điện', 'Công ty Thiết bị Giáo dục Phương Nam', 'Viet Nam', 'Khoa Kỹ thuật Điện', 'DH24KTD01', 'LAB_EQUIPMENT', 'CAT014', 2021, '7800000.00', 6, '46800000.00', 'DU_AN', 4, '2021-08-30 17:00:00', 2021, 4, 35, 'IN_USE', 'Tài sản tại phòng LAB_KTD01; tình trạng đang sử dụng', '2026-05-12 07:31:56', '2026-05-12 07:31:56'),
(6, '1006', 'Quạt trần công nghiệp', 'Công ty Điện máy Chợ Lớn', 'Viet Nam', 'Khoa Cơ khí', 'DH24CK01', 'FURNITURE', 'CAT005', 2022, '1850000.00', 6, '11100000.00', 'NGAN_SACH', 3, '2022-04-04 17:00:00', 2022, 4, 1, 'IN_USE', 'Tài sản tại phòng A101; tình trạng đang sử dụng', '2026-05-12 07:31:56', '2026-05-12 07:31:56'),
(7, '1007', 'Bàn thí nghiệm điện', 'Công ty Thiết bị Giáo dục Phương Nam', 'Viet Nam', 'Khoa Kỹ thuật Điện', 'DH24KTD02', 'LAB_EQUIPMENT', 'CAT014', 2023, '7800000.00', 4, '31200000.00', 'NGAN_SACH', 2, '2023-01-08 17:00:00', 2023, 4, 36, 'IN_USE', 'Tài sản tại phòng LAB_KTD02; tình trạng đang sử dụng', '2026-05-12 07:31:56', '2026-05-12 07:31:56'),
(8, '1008', 'Bàn thí nghiệm điện', 'Công ty Thiết bị Giáo dục Phương Nam', 'Viet Nam', 'Khoa Kỹ thuật Điện', 'DH24KTD01', 'LAB_EQUIPMENT', 'CAT014', 2024, '8200000.00', 4, '32800000.00', 'NGAN_SACH', 1, '2024-09-19 17:00:00', 2024, 4, 35, 'MAINTENANCE', 'Tài sản tại phòng LAB_KTD01; tình trạng bảo trì', '2026-05-12 07:31:56', '2026-05-12 07:31:56'),
(9, '1009', 'Bộ mô phỏng ô tô', 'Công ty TNHH Thiết bị Kỹ thuật Đông Nam Á', 'Viet Nam', 'Khoa Kỹ thuật Ô tô', 'DH24KTOTO01', 'LAB_EQUIPMENT', 'CAT015', 2020, '85000000.00', 2, '170000000.00', 'DU_AN', 5, '2020-12-15 17:00:00', 2020, 10, 37, 'BROKEN', 'Tài sản tại phòng LAB_KTOTO01; tình trạng hư hỏng', '2026-05-12 07:31:56', '2026-05-12 07:31:56'),
(10, '1010', 'Mô hình động cơ ô tô', 'Công ty TNHH Thiết bị Kỹ thuật Đông Nam Á', 'Viet Nam', 'Khoa Kỹ thuật Ô tô', 'DH24KTOTO01', 'LAB_EQUIPMENT', 'CAT040', 2022, '45000000.00', 3, '135000000.00', 'DU_AN', 3, '2022-01-05 17:00:00', 2022, 10, 37, 'IN_USE', 'Tài sản tại phòng LAB_KTOTO01; tình trạng đang sử dụng', '2026-05-12 07:31:56', '2026-05-12 07:31:56'),
(11, '1011', 'Kệ dụng cụ cơ khí', 'Công ty Thiết bị Giáo dục Phương Nam', 'Viet Nam', 'Khoa Cơ khí', 'DH24CK01', 'FURNITURE', 'CAT038', 2021, '3500000.00', 5, '17500000.00', 'NGAN_SACH', 4, '2021-09-23 17:00:00', 2021, 3, 31, 'IN_USE', 'Tài sản tại phòng LAB_CK01; tình trạng đang sử dụng', '2026-05-12 07:31:56', '2026-05-12 07:31:56'),
(12, '1012', 'Mô hình động cơ diesel', 'Công ty TNHH Thiết bị Kỹ thuật Đông Nam Á', 'Viet Nam', 'Khoa Cơ khí', 'DH24CK01', 'LAB_EQUIPMENT', 'CAT040', 2019, '38000000.00', 2, '76000000.00', 'DU_AN', 6, '2019-10-14 17:00:00', 2019, 3, 31, 'MAINTENANCE', 'Tài sản tại phòng LAB_CK01; tình trạng bảo trì', '2026-05-12 07:31:56', '2026-05-12 07:31:56'),
(13, '1013', 'Ghế học sinh', 'Công ty Nội thất Hòa Phát', 'Viet Nam', 'Khoa Xây dựng', 'DH24XD01', 'FURNITURE', 'CAT007', 2022, '480000.00', 45, '21600000.00', 'NGAN_SACH', 3, '2022-01-21 17:00:00', 2022, 4, 5, 'IN_USE', 'Tài sản tại phòng A202; tình trạng đang sử dụng', '2026-05-12 07:31:56', '2026-05-12 07:31:56'),
(14, '1014', 'Máy lạnh Mitsubishi', 'Công ty TNHH Điện lạnh Hòa Bình', 'Japan', 'Khoa Xây dựng', 'DH24XD01', 'LAB_EQUIPMENT', 'CAT004', 2019, '9500000.00', 4, '38000000.00', 'TAI_TRO', 6, '2019-05-14 17:00:00', 2019, 8, 5, 'MAINTENANCE', 'Tài sản tại phòng A202; tình trạng bảo trì', '2026-05-12 07:31:56', '2026-05-12 07:31:56'),
(15, '1015', 'Quạt trần công nghiệp', 'Công ty Điện máy Chợ Lớn', 'Viet Nam', 'Khoa Xây dựng', 'DH24XD02', 'FURNITURE', 'CAT005', 2021, '1850000.00', 4, '7400000.00', 'NGAN_SACH', 4, '2021-03-16 17:00:00', 2021, 4, 6, 'IN_USE', 'Tài sản tại phòng A203; tình trạng đang sử dụng', '2026-05-12 07:31:56', '2026-05-12 07:31:56'),
(16, '1016', 'Bàn học gỗ công nghiệp', 'Công ty Nội thất Hòa Phát', 'Viet Nam', 'Khoa Kỹ thuật Điện', 'DH24KTD03', 'FURNITURE', 'CAT006', 2022, '1200000.00', 30, '36000000.00', 'NGAN_SACH', 3, '2022-03-20 17:00:00', 2022, 4, 17, 'IN_USE', 'Tài sản tại phòng B301; tình trạng đang sử dụng', '2026-05-12 07:31:56', '2026-05-12 07:31:56'),
(17, '1017', 'Switch mạng 24 cổng', 'Công ty CP Tin học Việt', 'Viet Nam', 'Phòng Công nghệ Thông tin', NULL, 'LAB_EQUIPMENT', 'CAT033', 2024, '4800000.00', 3, '14400000.00', 'NGAN_SACH', 1, '2024-09-29 17:00:00', 2024, 5, 48, 'MAINTENANCE', 'Tài sản tại phòng VP_CNTT; tình trạng bảo trì', '2026-05-12 07:31:56', '2026-05-12 07:31:56'),
(18, '1018', 'Loa âm trần', 'Công ty Thiết bị AV Sài Gòn', 'Viet Nam', 'Khoa Kỹ thuật Điện', 'DH24KTD04', 'ELECTRONIC', 'CAT002', 2022, '2200000.00', 4, '8800000.00', 'NGAN_SACH', 3, '2022-01-06 17:00:00', 2022, 4, 18, 'IN_USE', 'Tài sản tại phòng B302; tình trạng đang sử dụng', '2026-05-12 07:31:56', '2026-05-12 07:31:56'),
(19, '1019', 'Quạt trần công nghiệp', 'Công ty Điện máy Chợ Lớn', 'Viet Nam', 'Khoa Kỹ thuật Ô tô', 'DH24KTOTO03', 'FURNITURE', 'CAT005', 2019, '1850000.00', 4, '7400000.00', 'NGAN_SACH', 6, '2019-09-24 17:00:00', 2019, 5, 19, 'IN_USE', 'Tài sản tại phòng B303; tình trạng đang sử dụng', '2026-05-12 07:31:56', '2026-05-12 07:31:56'),
(20, '1020', 'Bàn học gỗ công nghiệp', 'Công ty Nội thất Hòa Phát', 'Viet Nam', 'Khoa Kỹ thuật Ô tô', 'DH24KTOTO04', 'FURNITURE', 'CAT006', 2024, '1200000.00', 30, '36000000.00', 'NGAN_SACH', 1, '2024-08-08 17:00:00', 2024, 5, 20, 'IN_USE', 'Tài sản tại phòng B304; tình trạng đang sử dụng', '2026-05-12 07:31:56', '2026-05-12 07:31:56'),
(21, '1021', 'Bộ mô phỏng ô tô', 'Công ty TNHH Thiết bị Kỹ thuật Đông Nam Á', 'Viet Nam', 'Khoa Kỹ thuật Ô tô', 'DH24KTOTO02', 'LAB_EQUIPMENT', 'CAT015', 2022, '85000000.00', 1, '85000000.00', 'DU_AN', 3, '2022-11-05 17:00:00', 2022, 10, 38, 'IN_USE', 'Tài sản tại phòng LAB_KTOTO02; tình trạng đang sử dụng', '2026-05-12 07:31:56', '2026-05-12 07:31:56'),
(23, '1023', 'Bàn vẽ kỹ thuật', 'Công ty Thiết bị Giáo dục Phương Nam', 'Viet Nam', 'Khoa Xây dựng', 'DH24XD05', 'LAB_EQUIPMENT', 'CAT017', 2023, '5500000.00', 10, '55000000.00', 'DU_AN', 2, '2023-02-18 17:00:00', 2023, 8, 23, 'IN_USE', 'Tài sản tại phòng C103; tình trạng đang sử dụng', '2026-05-12 07:31:56', '2026-05-12 07:31:56'),
(24, '1024', 'Bộ mô phỏng hệ thống phanh ABS', 'Công ty TNHH Thiết bị Kỹ thuật Đông Nam Á', 'Viet Nam', 'Khoa Kỹ thuật Ô tô', 'DH24KTOTO01', 'LAB_EQUIPMENT', 'CAT015', 2021, '95000000.00', 1, '95000000.00', 'DU_AN', 4, '2021-11-15 17:00:00', 2021, 10, 37, 'BROKEN', 'Tài sản tại phòng LAB_KTOTO01; tình trạng hư hỏng', '2026-05-12 07:31:56', '2026-05-12 07:31:56'),
(25, '1025', 'Ghế học sinh', 'Công ty Nội thất Hòa Phát', 'Viet Nam', 'Khoa Kỹ thuật Ô tô', 'DH24KTOTO05', 'FURNITURE', 'CAT007', 2020, '480000.00', 40, '19200000.00', 'NGAN_SACH', 5, '2020-10-25 17:00:00', 2020, 5, 25, 'IN_USE', 'Tài sản tại phòng C202; tình trạng đang sử dụng', '2026-05-12 07:31:56', '2026-05-12 07:31:56'),
(26, '1026', 'Bộ mô phỏng hộp số tự động', 'Công ty TNHH Thiết bị Kỹ thuật Đông Nam Á', 'Viet Nam', 'Khoa Kỹ thuật Ô tô', 'DH24KTOTO02', 'LAB_EQUIPMENT', 'CAT015', 2022, '78000000.00', 1, '78000000.00', 'DU_AN', 3, '2022-07-01 17:00:00', 2022, 10, 38, 'IN_USE', 'Tài sản tại phòng LAB_KTOTO02; tình trạng đang sử dụng', '2026-05-12 07:31:56', '2026-05-12 07:31:56'),
(27, '1027', 'Bàn vẽ kỹ thuật', 'Công ty Thiết bị Giáo dục Phương Nam', 'Viet Nam', 'Khoa Xây dựng', 'DH24XD06', 'LAB_EQUIPMENT', 'CAT017', 2021, '5500000.00', 8, '44000000.00', 'DU_AN', 4, '2021-05-21 17:00:00', 2021, 8, 28, 'IN_USE', 'Tài sản tại phòng D102; tình trạng đang sử dụng', '2026-05-12 07:31:56', '2026-05-12 07:31:56'),
(28, '1028', 'Máy chiếu Epson', 'Công ty Thiết bị AV Sài Gòn', 'Japan', 'Phòng Cơ sở Vật chất', NULL, 'LAB_EQUIPMENT', 'CAT001', 2024, '14500000.00', 1, '14500000.00', 'NGAN_SACH', 1, '2024-10-25 17:00:00', 2024, 4, 46, 'MAINTENANCE', 'Tài sản tại phòng VP_CSVC; tình trạng bảo trì', '2026-05-12 07:31:56', '2026-05-12 07:31:56'),
(29, '1029', 'Máy chiếu Epson', 'Công ty Thiết bị AV Sài Gòn', 'Japan', 'Khoa Kỹ thuật Điện', 'DH24KTD06', 'LAB_EQUIPMENT', 'CAT001', 2022, '14500000.00', 1, '14500000.00', 'NGAN_SACH', 3, '2022-09-14 17:00:00', 2022, 4, 29, 'IN_USE', 'Tài sản tại phòng D201; tình trạng đang sử dụng', '2026-05-12 07:31:56', '2026-05-12 07:31:56'),
(30, '1030', 'Camera giám sát', 'Công ty TNHH An Ninh Miền Nam', 'Viet Nam', 'Khoa Công nghệ Thông tin', 'DH24CNTT01', 'ELECTRONIC', 'CAT012', 2023, '3200000.00', 4, '12800000.00', 'NGAN_SACH', 2, '2023-09-13 17:00:00', 2023, 2, 33, 'MAINTENANCE', 'Tài sản tại phòng LAB_CNTT01; tình trạng bảo trì', '2026-05-12 07:31:56', '2026-05-12 07:31:56'),
(31, '1031', 'Switch mạng 24 cổng', 'Công ty CP Tin học Việt', 'Viet Nam', 'Khoa Công nghệ Thông tin', 'DH24CNTT01', 'LAB_EQUIPMENT', 'CAT033', 2024, '4800000.00', 2, '9600000.00', 'NGAN_SACH', 1, '2024-10-23 17:00:00', 2024, 2, 33, 'IN_USE', 'Tài sản tại phòng LAB_CNTT01; tình trạng đang sử dụng', '2026-05-12 07:31:56', '2026-05-12 07:31:56'),
(32, '1032', 'Switch mạng 24 cổng', 'Công ty CP Tin học Việt', 'Viet Nam', 'Khoa Công nghệ Thông tin', 'DH24CNTT02', 'LAB_EQUIPMENT', 'CAT033', 2020, '4800000.00', 2, '9600000.00', 'NGAN_SACH', 5, '2020-09-03 17:00:00', 2020, 2, 34, 'IN_USE', 'Tài sản tại phòng LAB_CNTT02; tình trạng đang sử dụng', '2026-05-12 07:31:56', '2026-05-12 07:31:56'),
(33, '1033', 'Bàn thí nghiệm điện', 'Công ty Thiết bị Giáo dục Phương Nam', 'Viet Nam', 'Khoa Kỹ thuật Điện', 'DH24KTD05', 'LAB_EQUIPMENT', 'CAT014', 2019, '7800000.00', 4, '31200000.00', 'NGAN_SACH', 6, '2019-12-07 17:00:00', 2019, 4, 24, 'BROKEN', 'Tài sản tại phòng C201; tình trạng hư hỏng', '2026-05-12 07:31:56', '2026-05-12 07:31:56'),
(34, '1034', 'Loa âm trần', 'Công ty Thiết bị AV Sài Gòn', 'Viet Nam', 'Khoa Kỹ thuật Điện', 'DH24KTD01', 'ELECTRONIC', 'CAT002', 2020, '2200000.00', 2, '4400000.00', 'NGAN_SACH', 5, '2020-03-06 17:00:00', 2020, 4, 35, 'MAINTENANCE', 'Tài sản tại phòng LAB_KTD01; tình trạng bảo trì', '2026-05-12 07:31:56', '2026-05-12 07:31:56'),
(35, '1035', 'Camera giám sát', 'Công ty TNHH An Ninh Miền Nam', 'Viet Nam', 'Khoa Xây dựng', 'DH24XD01', 'ELECTRONIC', 'CAT012', 2022, '3200000.00', 6, '19200000.00', 'NGAN_SACH', 3, '2022-11-10 17:00:00', 2022, 8, 39, 'IN_USE', 'Tài sản tại phòng LAB_XD01; tình trạng đang sử dụng', '2026-05-12 07:31:56', '2026-05-12 07:31:56'),
(36, '1036', 'Mô hình động cơ xăng', 'Công ty TNHH Thiết bị Kỹ thuật Đông Nam Á', 'Viet Nam', 'Khoa Cơ khí', 'DH24CK02', 'LAB_EQUIPMENT', 'CAT040', 2019, '35000000.00', 2, '70000000.00', 'DU_AN', 6, '2019-11-09 17:00:00', 2019, 3, 32, 'MAINTENANCE', 'Tài sản tại phòng LAB_CK02; tình trạng bảo trì', '2026-05-12 07:31:56', '2026-05-12 07:31:56'),
(37, '1037', 'Kệ dụng cụ cơ khí', 'Công ty Thiết bị Giáo dục Phương Nam', 'Viet Nam', 'Khoa Cơ khí', 'DH24CK02', 'FURNITURE', 'CAT038', 2022, '3500000.00', 4, '14000000.00', 'NGAN_SACH', 3, '2022-06-01 17:00:00', 2022, 3, 32, 'IN_USE', 'Tài sản tại phòng LAB_CK02; tình trạng đang sử dụng', '2026-05-12 07:31:56', '2026-05-12 07:31:56'),
(38, '1038', 'Kệ dụng cụ cơ khí', 'Công ty Thiết bị Giáo dục Phương Nam', 'Viet Nam', 'Khoa Cơ khí', 'DH24CK01', 'FURNITURE', 'CAT038', 2023, '3500000.00', 4, '14000000.00', 'NGAN_SACH', 2, '2023-11-15 17:00:00', 2023, 3, 31, 'IN_USE', 'Tài sản tại phòng LAB_CK01; tình trạng đang sử dụng', '2026-05-12 07:31:56', '2026-05-12 07:31:56'),
(39, '1039', 'Kệ dụng cụ cơ khí', 'Công ty Thiết bị Giáo dục Phương Nam', 'Viet Nam', 'Khoa Kỹ thuật Ô tô', 'DH24KTOTO01', 'FURNITURE', 'CAT038', 2020, '3500000.00', 4, '14000000.00', 'NGAN_SACH', 5, '2020-03-18 17:00:00', 2020, 5, 39, 'MAINTENANCE', 'Tài sản tại phòng LAB_XD01; tình trạng bảo trì', '2026-05-12 07:31:56', '2026-05-12 07:31:56'),
(40, '1040', 'Kệ dụng cụ cơ khí', 'Công ty Thiết bị Giáo dục Phương Nam', 'Viet Nam', 'Khoa Kỹ thuật Ô tô', 'DH24KTOTO02', 'FURNITURE', 'CAT038', 2022, '3500000.00', 4, '14000000.00', 'NGAN_SACH', 3, '2022-06-04 17:00:00', 2022, 5, 40, 'IN_USE', 'Tài sản tại phòng LAB_XD02; tình trạng đang sử dụng', '2026-05-12 07:31:56', '2026-05-12 07:31:56'),
(41, '1041', 'Bộ mô phỏng lái xe', 'Công ty TNHH Thiết bị Kỹ thuật Đông Nam Á', 'Viet Nam', 'Khoa Kỹ thuật Ô tô', 'DH24KTOTO01', 'LAB_EQUIPMENT', 'CAT015', 2023, '120000000.00', 1, '120000000.00', 'DU_AN', 2, '2023-03-04 17:00:00', 2023, 10, 37, 'IN_USE', 'Tài sản tại phòng LAB_KTOTO01; tình trạng đang sử dụng', '2026-05-12 07:31:56', '2026-05-12 07:31:56'),
(42, '1042', 'Loa âm trần', 'Công ty Thiết bị AV Sài Gòn', 'Viet Nam', 'Khoa Xây dựng', 'DH24XD03', 'ELECTRONIC', 'CAT002', 2023, '2200000.00', 4, '8800000.00', 'NGAN_SACH', 2, '2023-07-31 17:00:00', 2023, 8, 15, 'IN_USE', 'Tài sản tại phòng B202; tình trạng đang sử dụng', '2026-05-12 07:31:56', '2026-05-12 07:31:56'),
(43, '1043', 'Switch mạng 24 cổng', 'Công ty CP Tin học Việt', 'Viet Nam', 'Khoa Xây dựng', 'DH24XD04', 'LAB_EQUIPMENT', 'CAT033', 2022, '4800000.00', 1, '4800000.00', 'NGAN_SACH', 3, '2022-06-01 17:00:00', 2022, 8, 16, 'IN_USE', 'Tài sản tại phòng B203; tình trạng đang sử dụng', '2026-05-12 07:31:56', '2026-05-12 07:31:56'),
(44, '1044', 'Loa âm trần', 'Công ty Thiết bị AV Sài Gòn', 'Viet Nam', 'Khoa Kỹ thuật Điện', 'DH24KTD06', 'ELECTRONIC', 'CAT002', 2024, '2200000.00', 2, '4400000.00', 'NGAN_SACH', 1, '2024-12-24 17:00:00', 2024, 4, 29, 'IN_USE', 'Tài sản tại phòng D201; tình trạng đang sử dụng', '2026-05-12 07:31:56', '2026-05-12 07:31:56'),
(45, '1045', 'Switch mạng 24 cổng', 'Công ty CP Tin học Việt', 'Viet Nam', 'Phòng Công nghệ Thông tin', NULL, 'LAB_EQUIPMENT', 'CAT033', 2024, '4800000.00', 1, '4800000.00', 'NGAN_SACH', 1, '2024-07-01 17:00:00', 2024, 5, 48, 'IN_USE', 'Tài sản tại phòng VP_CNTT; tình trạng đang sử dụng', '2026-05-12 07:31:56', '2026-05-12 07:31:56'),
(46, '1046', 'Máy chiếu Epson', 'Công ty Thiết bị AV Sài Gòn', 'Japan', 'Khoa Cơ khí', 'DH24CK03', 'LAB_EQUIPMENT', 'CAT001', 2022, '14500000.00', 1, '14500000.00', 'NGAN_SACH', 3, '2022-08-16 17:00:00', 2022, 3, 11, 'IN_USE', 'Tài sản tại phòng B101; tình trạng đang sử dụng', '2026-05-12 07:31:56', '2026-05-12 07:31:56'),
(47, '1047', 'Màn chiếu điện', 'Công ty Thiết bị AV Sài Gòn', 'Viet Nam', 'Khoa Cơ khí', 'DH24CK04', 'LAB_EQUIPMENT', 'CAT010', 2024, '6500000.00', 1, '6500000.00', 'NGAN_SACH', 1, '2024-02-04 17:00:00', 2024, 3, 12, 'IN_USE', 'Tài sản tại phòng B102; tình trạng đang sử dụng', '2026-05-12 07:31:56', '2026-05-12 07:31:56'),
(48, '1048', 'Quạt trần công nghiệp', 'Công ty Điện máy Chợ Lớn', 'Viet Nam', 'Khoa Cơ khí', 'DH24CK05', 'FURNITURE', 'CAT005', 2024, '1850000.00', 4, '7400000.00', 'NGAN_SACH', 1, '2024-04-05 17:00:00', 2024, 3, 21, 'IN_USE', 'Tài sản tại phòng C101; tình trạng đang sử dụng', '2026-05-12 07:31:56', '2026-05-12 07:31:56'),
(49, '1049', 'Bộ mô phỏng ô tô điện', 'Công ty TNHH Thiết bị Kỹ thuật Đông Nam Á', 'Viet Nam', 'Khoa Kỹ thuật Ô tô', 'DH24KTOTO05', 'LAB_EQUIPMENT', 'CAT015', 2023, '135000000.00', 1, '135000000.00', 'DU_AN', 2, '2023-05-16 17:00:00', 2023, 10, 25, 'IN_USE', 'Tài sản tại phòng C202; tình trạng đang sử dụng', '2026-05-12 07:31:56', '2026-05-12 07:31:56');

-- Bảng: requests
CREATE TABLE `requests` (
  `id` bigint unsigned NOT NULL AUTO_INCREMENT,
  `title` varchar(200) CHARACTER SET utf8mb4 COLLATE utf8mb4_unicode_ci NOT NULL,
  `note` varchar(1000) CHARACTER SET utf8mb4 COLLATE utf8mb4_unicode_ci DEFAULT NULL,
  `manager_group` varchar(100) CHARACTER SET utf8mb4 COLLATE utf8mb4_unicode_ci DEFAULT NULL,
  `priority` varchar(30) CHARACTER SET utf8mb4 COLLATE utf8mb4_unicode_ci DEFAULT NULL,
  `manager_name` varchar(150) CHARACTER SET utf8mb4 COLLATE utf8mb4_unicode_ci DEFAULT NULL,
  `attachment_url` varchar(255) CHARACTER SET utf8mb4 COLLATE utf8mb4_unicode_ci DEFAULT NULL,
  `status` varchar(30) CHARACTER SET utf8mb4 COLLATE utf8mb4_unicode_ci NOT NULL DEFAULT 'NEW',
  `is_draft` tinyint(1) NOT NULL DEFAULT '0',
  `created_by_user_id` bigint unsigned DEFAULT NULL,
  `created_at` datetime NOT NULL DEFAULT CURRENT_TIMESTAMP,
  `updated_at` datetime NOT NULL DEFAULT CURRENT_TIMESTAMP ON UPDATE CURRENT_TIMESTAMP,
  PRIMARY KEY (`id`),
  KEY `idx_requests_status` (`status`),
  KEY `idx_requests_created_by_user_id` (`created_by_user_id`),
  CONSTRAINT `fk_requests_created_by_user_id` FOREIGN KEY (`created_by_user_id`) REFERENCES `users` (`id`)
) ENGINE=InnoDB AUTO_INCREMENT=51 DEFAULT CHARSET=utf8mb4 COLLATE=utf8mb4_unicode_ci;

INSERT INTO `requests` (`id`, `title`, `note`, `manager_group`, `priority`, `manager_name`, `attachment_url`, `status`, `is_draft`, `created_by_user_id`, `created_at`, `updated_at`) VALUES
(1, 'Yêu cầu sửa chữa máy lạnh phòng A101', 'Máy lạnh tại phòng A101 bị hỏng máy nén - không làm lạnh được. Đề nghị kiểm tra và sửa chữa gấp.', 'CSVC', 'HIGH', 'Nguyễn Minh Tuấn', NULL, 'NEW', 0, 1, '2026-05-12 07:31:56', '2026-05-12 07:31:56'),
(2, 'Yêu cầu cấp máy tính cho phòng LAB_CNTT02', 'Phòng máy tính LAB_CNTT02 hiện có 10 máy hỏng cần thay thế. Đề nghị cấp bổ sung 10 máy tính mới.', 'CNTT', 'HIGH', 'Bùi Thị Hồng Nhung', NULL, 'IN_PROGRESS', 0, 7, '2026-05-12 07:31:56', '2026-05-12 07:31:56'),
(3, 'Yêu cầu thay bóng đèn hành lang tòa A', 'Hệ thống đèn hành lang tầng 2 và tầng 3 tòa A bị hỏng nhiều bóng. Đề nghị thay thế toàn bộ.', 'CSVC', 'NORMAL', 'Trần Thị Lan Anh', NULL, 'RESOLVED', 0, 4, '2026-05-12 07:31:56', '2026-05-12 07:31:56'),
(4, 'Yêu cầu bổ sung bàn ghế phòng B202', 'Phòng B202 hiện thiếu 10 bộ bàn ghế do số lượng sinh viên tăng. Đề nghị bổ sung sớm.', 'CSVC', 'NORMAL', 'Hoàng Văn Bình', NULL, 'DRAFT', 1, 8, '2026-05-12 07:31:56', '2026-05-12 07:31:56'),
(5, 'Yêu cầu sửa chữa máy chiếu phòng A201', 'Máy chiếu tại phòng A201 bị lỗi không hiển thị hình ảnh. Giảng viên phản ánh ảnh hưởng đến giảng dạy.', 'CNTT', 'HIGH', 'Bùi Thị Hồng Nhung', NULL, 'NEW', 0, 7, '2026-05-12 07:31:56', '2026-05-12 07:31:56'),
(6, 'Yêu cầu vệ sinh điều hòa các phòng tòa B', 'Điều hòa các phòng tòa B chưa được vệ sinh trong học kỳ này. Đề nghị lên kế hoạch vệ sinh định kỳ.', 'CSVC', 'NORMAL', 'Trần Thị Lan Anh', NULL, 'IN_PROGRESS', 0, 4, '2026-05-12 07:31:56', '2026-05-12 07:31:56'),
(7, 'Yêu cầu sửa chữa bảng trắng phòng A103', 'Bảng trắng phòng A103 bị bong lớp phủ không thể xóa sạch. Đề nghị thay mới hoặc phủ lại bề mặt.', 'CSVC', 'LOW', 'Trần Thị Lan Anh', NULL, 'RESOLVED', 0, 4, '2026-05-12 07:31:56', '2026-05-12 07:31:56'),
(8, 'Yêu cầu cấp phát dụng cụ cho xưởng cơ khí', 'Xưởng LAB_CK01 thiếu bộ dụng cụ cơ bản cho sinh viên thực hành. Đề nghị cấp bổ sung theo danh sách đính kèm.', 'THIET_BI', 'HIGH', 'Nguyễn Đức Thắng', NULL, 'DRAFT', 1, 6, '2026-05-12 07:31:56', '2026-05-12 07:31:56'),
(9, 'Yêu cầu sửa chữa hệ thống loa phòng B301', 'Loa phòng B301 phát ra tiếng rè không rõ. Ảnh hưởng đến chất lượng nghe giảng của sinh viên.', 'CSVC', 'NORMAL', 'Đặng Thị Thu Hằng', NULL, 'NEW', 0, 9, '2026-05-12 07:31:56', '2026-05-12 07:31:56'),
(10, 'Yêu cầu nâng cấp mạng LAN phòng LAB_CNTT01', 'Hạ tầng mạng LAB_CNTT01 cũ kỹ, tốc độ chậm. Đề nghị nâng cấp hệ thống switch và dây cáp mạng.', 'CNTT', 'HIGH', 'Bùi Thị Hồng Nhung', NULL, 'IN_PROGRESS', 0, 7, '2026-05-12 07:31:56', '2026-05-12 07:31:56'),
(11, 'Yêu cầu thay kính cửa phòng A302', 'Kính cửa phòng A302 bị nứt vỡ do va đập. Đề nghị thay thế để đảm bảo an toàn.', 'CSVC', 'HIGH', 'Đặng Thị Thu Hằng', NULL, 'RESOLVED', 0, 4, '2026-05-12 07:31:56', '2026-05-12 07:31:56'),
(12, 'Yêu cầu bảo trì máy móc xưởng ô tô', 'Thiết bị tại LAB_KTOTO01 và LAB_KTOTO02 cần được bảo dưỡng định kỳ trước đầu học kỳ mới.', 'THIET_BI', 'NORMAL', 'Phan Minh Khoa', NULL, 'DRAFT', 1, 10, '2026-05-12 07:31:56', '2026-05-12 07:31:56'),
(13, 'Yêu cầu sửa chữa toilet tầng 2 tòa A', 'Toilet tầng 2 tòa A có 2 bồn cầu hỏng và hệ thống xả nước không hoạt động. Đề nghị sửa chữa gấp.', 'CSVC', 'HIGH', 'Trần Thị Lan Anh', NULL, 'NEW', 0, 4, '2026-05-12 07:31:56', '2026-05-12 07:31:56'),
(14, 'Yêu cầu cấp mực in cho văn phòng khoa', 'Văn phòng Khoa Công nghệ Thông tin hết mực in. Đề nghị cấp bổ sung 5 hộp mực HP.', 'CNTT', 'NORMAL', 'Bùi Thị Hồng Nhung', NULL, 'IN_PROGRESS', 0, 7, '2026-05-12 07:31:56', '2026-05-12 07:31:56'),
(15, 'Yêu cầu sửa chữa rèm cửa phòng C101', 'Rèm cửa phòng C101 bị đứt dây kéo, không điều chỉnh được. Ảnh hưởng đến ánh sáng phòng học.', 'CSVC', 'LOW', 'Trần Thị Lan Anh', NULL, 'RESOLVED', 0, 4, '2026-05-12 07:31:56', '2026-05-12 07:31:56'),
(16, 'Yêu cầu lắp đặt camera an ninh khu vực xưởng', 'Khu vực xưởng cơ khí và xưởng ô tô chưa có camera giám sát. Đề nghị lắp đặt để đảm bảo an ninh.', 'CSVC', 'NORMAL', 'Nguyễn Minh Tuấn', NULL, 'DRAFT', 1, 1, '2026-05-12 07:31:56', '2026-05-12 07:31:56'),
(17, 'Yêu cầu sửa chữa thang máy tòa B', 'Thang máy tòa B thường xuyên bị lỗi, dừng giữa chừng. Đề nghị bảo trì khẩn cấp.', 'CSVC', 'HIGH', 'Trần Thị Lan Anh', NULL, 'NEW', 0, 4, '2026-05-12 07:31:56', '2026-05-12 07:31:56'),
(18, 'Yêu cầu cấp thiết bị bảo hộ cho sinh viên thực hành', 'Sinh viên thực hành tại xưởng thiếu kính bảo hộ và găng tay. Đề nghị cấp đủ số lượng.', 'THIET_BI', 'HIGH', 'Nguyễn Đức Thắng', NULL, 'IN_PROGRESS', 0, 6, '2026-05-12 07:31:56', '2026-05-12 07:31:56'),
(19, 'Yêu cầu sơn lại phòng học B103', 'Phòng B103 tường bị ố vàng, bong tróc sơn. Đề nghị sơn lại trước khai giảng năm học mới.', 'CSVC', 'NORMAL', 'Trần Thị Lan Anh', NULL, 'RESOLVED', 0, 4, '2026-05-12 07:31:56', '2026-05-12 07:31:56'),
(20, 'Yêu cầu thay thế máy tính hỏng phòng D201', '3 máy tính trong phòng D201 không khởi động được. Đề nghị sửa chữa hoặc thay thế mới.', 'CNTT', 'NORMAL', 'Đặng Thị Thu Hằng', NULL, 'DRAFT', 1, 9, '2026-05-12 07:31:56', '2026-05-12 07:31:56'),
(21, 'Yêu cầu bảo trì hệ thống điện xưởng LAB_KTD01', 'Hệ thống điện xưởng LAB_KTD01 xuất hiện sự cố chập chờn. Cần kiểm tra và bảo trì ngay.', 'THIET_BI', 'HIGH', 'Đặng Thị Thu Hằng', NULL, 'NEW', 0, 9, '2026-05-12 07:31:56', '2026-05-12 07:31:56'),
(22, 'Yêu cầu cấp bảng vẽ kỹ thuật phòng C103', 'Phòng vẽ C103 thiếu 5 bảng vẽ kỹ thuật cho sinh viên. Đề nghị bổ sung trước tuần 3 của học kỳ.', 'THIET_BI', 'NORMAL', 'Hoàng Văn Bình', NULL, 'IN_PROGRESS', 0, 8, '2026-05-12 07:31:56', '2026-05-12 07:31:56'),
(23, 'Yêu cầu sửa chữa hệ thống chiếu sáng xưởng', 'Đèn tại LAB_CK01 và LAB_CK02 bị hỏng một số bóng. Ảnh hưởng đến an toàn khi thực hành.', 'CSVC', 'HIGH', 'Nguyễn Đức Thắng', NULL, 'RESOLVED', 0, 6, '2026-05-12 07:31:56', '2026-05-12 07:31:56'),
(24, 'Yêu cầu thanh lý tài sản hỏng học kỳ I/2024', 'Danh sách tài sản hỏng không sửa được cần được lập hồ sơ thanh lý theo quy định. Đính kèm danh sách.', 'THIET_BI', 'NORMAL', 'Nguyễn Minh Tuấn', NULL, 'DRAFT', 1, 1, '2026-05-12 07:31:56', '2026-05-12 07:31:56'),
(25, 'Yêu cầu cấp mô hình học cụ cho Khoa Ô tô', 'Khoa Kỹ thuật Ô tô cần bổ sung mô hình động cơ mới phục vụ đào tạo học kỳ II.', 'THIET_BI', 'HIGH', 'Phan Minh Khoa', NULL, 'NEW', 0, 10, '2026-05-12 07:31:56', '2026-05-12 07:31:56'),
(26, 'Yêu cầu sửa chữa cửa phòng LAB_XD01', 'Cửa phòng LAB_XD01 bị hỏng bản lề, không đóng kín. Ảnh hưởng đến bảo mật thiết bị trong phòng.', 'CSVC', 'NORMAL', 'Hoàng Văn Bình', NULL, 'IN_PROGRESS', 0, 8, '2026-05-12 07:31:56', '2026-05-12 07:31:56'),
(27, 'Yêu cầu vệ sinh máy tính phòng LAB_CNTT02', 'Máy tính phòng LAB_CNTT02 bụi bẩn, cần vệ sinh định kỳ để đảm bảo tuổi thọ thiết bị.', 'CNTT', 'LOW', 'Bùi Thị Hồng Nhung', NULL, 'RESOLVED', 0, 7, '2026-05-12 07:31:56', '2026-05-12 07:31:56'),
(28, 'Yêu cầu lắp thêm ổ cắm điện phòng C201', 'Phòng C201 thiếu ổ cắm điện cho sinh viên sạc thiết bị trong giờ thực hành. Đề nghị lắp bổ sung.', 'CSVC', 'NORMAL', 'Đặng Thị Thu Hằng', NULL, 'DRAFT', 1, 9, '2026-05-12 07:31:56', '2026-05-12 07:31:56'),
(29, 'Yêu cầu sửa chữa hàng rào khu vực xưởng', 'Hàng rào khu vực xưởng có đoạn bị gãy đổ. Cần sửa chữa để đảm bảo an toàn và bảo vệ tài sản.', 'CSVC', 'HIGH', 'Trần Thị Lan Anh', NULL, 'NEW', 0, 4, '2026-05-12 07:31:56', '2026-05-12 07:31:56'),
(30, 'Yêu cầu nâng cấp phần mềm máy tính LAB_CNTT01', 'Phần mềm chuyên ngành trên máy tính LAB_CNTT01 đã cũ cần cập nhật phiên bản mới.', 'CNTT', 'NORMAL', 'Bùi Thị Hồng Nhung', NULL, 'IN_PROGRESS', 0, 7, '2026-05-12 07:31:56', '2026-05-12 07:31:56'),
(31, 'Yêu cầu sửa chữa máy chiếu phòng B101', 'Máy chiếu phòng B101 không lấy nét được, hình ảnh bị mờ. Cần sửa chữa trước khi giảng dạy học kỳ mới.', 'THIET_BI', 'NORMAL', 'Nguyễn Đức Thắng', NULL, 'RESOLVED', 0, 6, '2026-05-12 07:31:56', '2026-05-12 07:31:56'),
(32, 'Yêu cầu cấp dụng cụ vệ sinh cho các phòng học', 'Các phòng học tòa A và tòa B thiếu dụng cụ vệ sinh cơ bản. Đề nghị cấp bổ sung theo số phòng.', 'CSVC', 'LOW', 'Trần Thị Lan Anh', NULL, 'DRAFT', 1, 4, '2026-05-12 07:31:56', '2026-05-12 07:31:56'),
(33, 'Yêu cầu kiểm tra và bảo dưỡng máy bơm nước', 'Hệ thống máy bơm nước tòa C hoạt động không ổn định. Cần kiểm tra và bảo dưỡng định kỳ.', 'CSVC', 'HIGH', 'Trần Thị Lan Anh', NULL, 'NEW', 0, 4, '2026-05-12 07:31:56', '2026-05-12 07:31:56'),
(34, 'Yêu cầu cấp bổ sung ghế cho hội trường', 'Hội trường thiếu 30 ghế cho các sự kiện lớn của trường. Đề nghị mua bổ sung hoặc mượn từ kho.', 'CSVC', 'NORMAL', 'Nguyễn Minh Tuấn', NULL, 'IN_PROGRESS', 0, 1, '2026-05-12 07:31:56', '2026-05-12 07:31:56'),
(35, 'Yêu cầu sửa chữa loa treo tường phòng B302', 'Loa phòng B302 phát ra tiếng lạch cạch, âm thanh không rõ. Ảnh hưởng đến chất lượng giảng dạy.', 'THIET_BI', 'NORMAL', 'Đặng Thị Thu Hằng', NULL, 'RESOLVED', 0, 9, '2026-05-12 07:31:56', '2026-05-12 07:31:56'),
(36, 'Yêu cầu cấp thiết bị đo lường cho LAB_KTD02', 'Xưởng LAB_KTD02 thiếu đồng hồ vạn năng và thiết bị đo lường điện cho sinh viên thực hành.', 'THIET_BI', 'HIGH', 'Đặng Thị Thu Hằng', NULL, 'DRAFT', 1, 9, '2026-05-12 07:31:56', '2026-05-12 07:31:56'),
(37, 'Yêu cầu sửa chữa ổ khóa văn phòng khoa CK', 'Ổ khóa văn phòng Khoa Cơ khí bị hỏng không mở được. Đề nghị thay khóa mới ngay.', 'CSVC', 'HIGH', 'Nguyễn Đức Thắng', NULL, 'NEW', 0, 6, '2026-05-12 07:31:56', '2026-05-12 07:31:56'),
(38, 'Yêu cầu vệ sinh bể nước mái tòa A', 'Bể nước mái tòa A chưa được vệ sinh trong 6 tháng. Đề nghị vệ sinh định kỳ theo quy định.', 'CSVC', 'NORMAL', 'Trần Thị Lan Anh', NULL, 'IN_PROGRESS', 0, 4, '2026-05-12 07:31:56', '2026-05-12 07:31:56'),
(39, 'Yêu cầu sửa chữa bộ mô phỏng ô tô LAB_KTOTO01', 'Bộ mô phỏng ô tô số 1 tại LAB_KTOTO01 bị lỗi phần mềm, không khởi động được. Đề nghị liên hệ nhà cung cấp sửa chữa.', 'THIET_BI', 'HIGH', 'Phan Minh Khoa', NULL, 'RESOLVED', 0, 10, '2026-05-12 07:31:56', '2026-05-12 07:31:56'),
(40, 'Yêu cầu trang bị biển số phòng mới tòa D', 'Tòa D mới chưa có biển số phòng. Đề nghị làm biển số đồng bộ với các tòa còn lại.', 'CSVC', 'LOW', 'Trần Thị Lan Anh', NULL, 'DRAFT', 1, 4, '2026-05-12 07:31:56', '2026-05-12 07:31:56'),
(41, 'Yêu cầu cấp máy in cho văn phòng Khoa XD', 'Máy in văn phòng Khoa Xây dựng bị hỏng không sửa được. Đề nghị mua thay thế mới.', 'CNTT', 'NORMAL', 'Hoàng Văn Bình', NULL, 'NEW', 0, 8, '2026-05-12 07:31:56', '2026-05-12 07:31:56'),
(42, 'Yêu cầu sửa chữa mô hình động cơ diesel LAB_CK01', 'Mô hình động cơ diesel tại LAB_CK01 bị hỏng hệ thống nhiên liệu. Cần sửa chữa trước học kỳ II.', 'THIET_BI', 'HIGH', 'Nguyễn Đức Thắng', NULL, 'IN_PROGRESS', 0, 6, '2026-05-12 07:31:56', '2026-05-12 07:31:56'),
(43, 'Yêu cầu lắp đặt wifi cho phòng D202', 'Phòng D202 chưa có wifi nên sinh viên không thể học trực tuyến. Đề nghị lắp đặt access point.', 'CNTT', 'NORMAL', 'Trần Thị Lan Anh', NULL, 'RESOLVED', 0, 4, '2026-05-12 07:31:56', '2026-05-12 07:31:56'),
(44, 'Yêu cầu cấp bổ sung bàn vẽ kỹ thuật', 'Phòng vẽ D102 thiếu 5 bàn vẽ kỹ thuật cho sinh viên năm nhất Khoa Xây dựng. Đề nghị cấp gấp.', 'THIET_BI', 'HIGH', 'Hoàng Văn Bình', NULL, 'DRAFT', 1, 8, '2026-05-12 07:31:56', '2026-05-12 07:31:56'),
(45, 'Yêu cầu thay thế switch mạng VP_CNTT', 'Switch mạng phòng VP_CNTT bị lỗi, không ổn định. Đề nghị thay thế để đảm bảo kết nối mạng.', 'CNTT', 'HIGH', 'Võ Hoàng Nam', NULL, 'NEW', 0, 5, '2026-05-12 07:31:56', '2026-05-12 07:31:56'),
(46, 'Yêu cầu sơn kẻ đường đi trong khuôn viên', 'Đường đi bộ và kẻ vạch đỗ xe trong khuôn viên bị mờ. Đề nghị kẻ lại để đảm bảo an toàn.', 'CSVC', 'NORMAL', 'Trần Thị Lan Anh', NULL, 'IN_PROGRESS', 0, 4, '2026-05-12 07:31:56', '2026-05-12 07:31:56'),
(47, 'Yêu cầu sửa chữa màn chiếu điện phòng C201', 'Màn chiếu điện phòng C201 bị hỏng motor, không cuộn lên được. Đề nghị sửa chữa hoặc thay mới.', 'THIET_BI', 'NORMAL', 'Đặng Thị Thu Hằng', NULL, 'RESOLVED', 0, 9, '2026-05-12 07:31:56', '2026-05-12 07:31:56'),
(48, 'Yêu cầu kiểm tra hệ thống PCCC toàn trường', 'Hệ thống phòng cháy chữa cháy cần được kiểm tra định kỳ 6 tháng/lần. Đề nghị lên kế hoạch kiểm tra.', 'CSVC', 'HIGH', 'Nguyễn Minh Tuấn', NULL, 'DRAFT', 1, 1, '2026-05-12 07:31:56', '2026-05-12 07:31:56'),
(49, 'Yêu cầu cấp bổ sung ghế xoay cho LAB_CK02', 'Xưởng LAB_CK02 thiếu 8 ghế xoay cho sinh viên ngồi thực hành lý thuyết tại chỗ.', 'THIET_BI', 'NORMAL', 'Nguyễn Đức Thắng', NULL, 'NEW', 0, 6, '2026-05-12 07:31:56', '2026-05-12 07:31:56'),
(50, 'Yêu cầu sửa chữa hệ thống chiếu sáng sân trường', 'Một số đèn chiếu sáng sân trường bị hỏng, gây mất an toàn vào ban đêm. Đề nghị thay thế gấp.', 'CSVC', 'HIGH', 'Trần Thị Lan Anh', NULL, 'IN_PROGRESS', 0, 4, '2026-05-12 07:31:56', '2026-05-12 07:31:56');

-- Bảng: asset_transfers
CREATE TABLE `asset_transfers` (
  `id` bigint unsigned NOT NULL AUTO_INCREMENT,
  `asset_id` bigint unsigned NOT NULL,
  `source_building` varchar(50) CHARACTER SET utf8mb4 COLLATE utf8mb4_unicode_ci DEFAULT NULL,
  `source_classroom` varchar(100) CHARACTER SET utf8mb4 COLLATE utf8mb4_unicode_ci DEFAULT NULL,
  `giver_user_id` bigint unsigned DEFAULT NULL,
  `receiver_user_id` bigint unsigned DEFAULT NULL,
  `target_building` varchar(50) CHARACTER SET utf8mb4 COLLATE utf8mb4_unicode_ci DEFAULT NULL,
  `target_classroom` varchar(100) CHARACTER SET utf8mb4 COLLATE utf8mb4_unicode_ci DEFAULT NULL,
  `received_date` date DEFAULT NULL,
  `note` varchar(500) CHARACTER SET utf8mb4 COLLATE utf8mb4_unicode_ci DEFAULT NULL,
  `created_at` datetime NOT NULL DEFAULT CURRENT_TIMESTAMP,
  PRIMARY KEY (`id`),
  KEY `idx_asset_transfers_asset_id` (`asset_id`),
  KEY `idx_asset_transfers_received_date` (`received_date`),
  KEY `fk_asset_transfers_giver_user_id` (`giver_user_id`),
  KEY `fk_asset_transfers_receiver_user_id` (`receiver_user_id`),
  CONSTRAINT `fk_asset_transfers_asset_id` FOREIGN KEY (`asset_id`) REFERENCES `assets` (`id`),
  CONSTRAINT `fk_asset_transfers_giver_user_id` FOREIGN KEY (`giver_user_id`) REFERENCES `users` (`id`),
  CONSTRAINT `fk_asset_transfers_receiver_user_id` FOREIGN KEY (`receiver_user_id`) REFERENCES `users` (`id`)
) ENGINE=InnoDB AUTO_INCREMENT=51 DEFAULT CHARSET=utf8mb4 COLLATE=utf8mb4_unicode_ci;

INSERT INTO `asset_transfers` (`id`, `asset_id`, `source_building`, `source_classroom`, `giver_user_id`, `receiver_user_id`, `target_building`, `target_classroom`, `received_date`, `note`, `created_at`) VALUES
(1, 1, 'A', 'A101', 4, 6, 'A', 'A201', '2024-02-28 17:00:00', 'Điều chuyển máy lạnh do phòng A201 chưa có thiết bị làm mát', '2026-05-12 07:31:56'),
(3, 3, 'VP_CSVC', 'VP_CSVC', 4, 1, 'A', 'A101', '2024-03-06 17:00:00', 'Điều chuyển camera đến tòa A để tăng cường giám sát', '2026-05-12 07:31:56'),
(4, 5, 'XƯỞNG', 'LAB_KTD01', 4, 9, 'XƯỞNG', 'LAB_KTD02', '2024-03-08 17:00:00', 'Điều chuyển bàn thí nghiệm điện sang xưởng mới', '2026-05-12 07:31:56'),
(5, 6, 'A', 'A101', 6, 8, 'B', 'B101', '2024-03-10 17:00:00', 'Điều chuyển quạt trần do phòng B101 thiếu quạt', '2026-05-12 07:31:56'),
(6, 7, 'XƯỞNG', 'LAB_KTD02', 9, 4, 'XƯỞNG', 'LAB_KTD01', '2024-03-12 17:00:00', 'Trả lại bàn thí nghiệm sau khi bảo trì', '2026-05-12 07:31:56'),
(7, 10, 'XƯỞNG', 'LAB_KTOTO01', 10, 6, 'XƯỞNG', 'LAB_KTOTO02', '2024-03-13 17:00:00', 'Điều chuyển mô hình động cơ để cân bằng thiết bị giữa 2 xưởng', '2026-05-12 07:31:56'),
(8, 11, 'XƯỞNG', 'LAB_CK01', 3, 6, 'XƯỞNG', 'LAB_CK02', '2024-03-16 17:00:00', 'Điều chuyển kệ dụng cụ sang LAB_CK02 mới thành lập', '2026-05-12 07:31:56'),
(9, 12, 'XƯỞNG', 'LAB_CK01', 6, 3, 'XƯỞNG', 'LAB_CK02', '2024-03-18 17:00:00', 'Điều chuyển mô hình động cơ diesel để sinh viên CK02 thực hành', '2026-05-12 07:31:56'),
(10, 13, 'A', 'A202', 8, 4, 'B', 'B202', '2024-03-20 17:00:00', 'Điều chuyển ghế học sinh bổ sung cho phòng B202', '2026-05-12 07:31:56'),
(11, 15, 'A', 'A203', 4, 8, 'B', 'B202', '2024-03-23 17:00:00', 'Điều chuyển quạt trần sang phòng B202 theo yêu cầu', '2026-05-12 07:31:56'),
(12, 16, 'B', 'B301', 9, 6, 'A', 'A301', '2024-03-26 17:00:00', 'Điều chuyển bàn học gỗ công nghiệp sang tòa A theo kế hoạch', '2026-05-12 07:31:56'),
(13, 17, 'VP_CNTT', 'VP_CNTT', 5, 4, 'VP_CSVC', 'VP_CSVC', '2024-03-30 17:00:00', 'Điều chuyển switch mạng để hỗ trợ hạ tầng CSVC', '2026-05-12 07:31:56'),
(14, 18, 'B', 'B302', 9, 10, 'B', 'B303', '2024-04-01 17:00:00', 'Điều chuyển loa âm trần sang phòng B303 do loa cũ bị hỏng', '2026-05-12 07:31:56'),
(15, 19, 'B', 'B303', 10, 8, 'B', 'B101', '2024-04-03 17:00:00', 'Điều chuyển quạt trần từ B303 sang B101 theo yêu cầu khoa CK', '2026-05-12 07:31:56'),
(16, 20, 'B', 'B304', 8, 9, 'B', 'B301', '2024-04-06 17:00:00', 'Điều chuyển bàn học đến phòng B301 mới cải tạo', '2026-05-12 07:31:56'),
(18, 23, 'C', 'C103', 8, 10, 'C', 'C202', '2024-04-10 17:00:00', 'Điều chuyển bàn vẽ kỹ thuật sang phòng C202 theo lịch học', '2026-05-12 07:31:56'),
(19, 25, 'C', 'C202', 10, 4, 'A', 'A203', '2024-04-13 17:00:00', 'Điều chuyển ghế học sinh bổ sung cho tòa A', '2026-05-12 07:31:56'),
(20, 26, 'XƯỞNG', 'LAB_KTOTO02', 10, 5, 'XƯỞNG', 'LAB_KTOTO01', '2024-04-16 17:00:00', 'Điều chuyển bộ mô phỏng hộp số sang xưởng KTOTO01', '2026-05-12 07:31:56'),
(21, 27, 'D', 'D102', 8, 6, 'A', 'A302', '2024-04-18 17:00:00', 'Điều chuyển bàn vẽ kỹ thuật sang phòng A302 theo kế hoạch', '2026-05-12 07:31:56'),
(22, 28, 'VP_CSVC', 'VP_CSVC', 4, 9, 'B', 'B301', '2024-04-20 17:00:00', 'Điều chuyển máy chiếu Epson sang phòng B301 phục vụ giảng dạy', '2026-05-12 07:31:56'),
(23, 29, 'D', 'D201', 9, 8, 'B', 'B202', '2024-04-23 17:00:00', 'Điều chuyển máy chiếu Epson sang phòng B202', '2026-05-12 07:31:56'),
(24, 30, 'XƯỞNG', 'LAB_CNTT01', 5, 7, 'XƯỞNG', 'LAB_CNTT02', '2024-04-26 17:00:00', 'Điều chuyển camera giám sát sang LAB_CNTT02', '2026-05-12 07:31:56'),
(25, 31, 'XƯỞNG', 'LAB_CNTT01', 7, 5, 'VP_CNTT', 'VP_CNTT', '2024-04-29 17:00:00', 'Điều chuyển switch mạng về VP_CNTT để bảo trì', '2026-05-12 07:31:56'),
(26, 33, 'C', 'C201', 9, 10, 'XƯỞNG', 'LAB_KTOTO01', '2024-05-02 17:00:00', 'Điều chuyển bàn thí nghiệm điện sang xưởng ô tô', '2026-05-12 07:31:56'),
(27, 34, 'XƯỞNG', 'LAB_KTD01', 4, 9, 'XƯỞNG', 'LAB_KTD02', '2024-05-05 17:00:00', 'Điều chuyển loa âm trần sang xưởng LAB_KTD02', '2026-05-12 07:31:56'),
(28, 35, 'XƯỞNG', 'LAB_XD01', 8, 4, 'B', 'B203', '2024-05-08 17:00:00', 'Điều chuyển camera giám sát sang phòng B203', '2026-05-12 07:31:56'),
(29, 36, 'XƯỞNG', 'LAB_CK02', 6, 3, 'XƯỞNG', 'LAB_CK01', '2024-05-10 17:00:00', 'Điều chuyển mô hình động cơ xăng về LAB_CK01', '2026-05-12 07:31:56'),
(30, 37, 'XƯỞNG', 'LAB_CK02', 3, 6, 'XƯỞNG', 'LAB_CK01', '2024-05-13 17:00:00', 'Điều chuyển kệ dụng cụ về LAB_CK01 sau khi bố trí lại xưởng', '2026-05-12 07:31:56'),
(31, 38, 'XƯỞNG', 'LAB_CK01', 6, 3, 'XƯỞNG', 'LAB_CK02', '2024-05-16 17:00:00', 'Điều chuyển kệ dụng cụ sang LAB_CK02 theo yêu cầu khoa CK', '2026-05-12 07:31:56'),
(32, 40, 'XƯỞNG', 'LAB_XD02', 8, 10, 'XƯỞNG', 'LAB_KTOTO02', '2024-05-18 17:00:00', 'Điều chuyển kệ dụng cụ cơ khí sang xưởng KTOTO02', '2026-05-12 07:31:56'),
(33, 41, 'XƯỞNG', 'LAB_KTOTO01', 10, 8, 'XƯỞNG', 'LAB_KTOTO02', '2024-05-20 17:00:00', 'Điều chuyển bộ mô phỏng lái xe sang xưởng KTOTO02 theo lịch thực hành', '2026-05-12 07:31:56'),
(34, 42, 'B', 'B202', 8, 9, 'B', 'B302', '2024-05-23 17:00:00', 'Điều chuyển loa âm trần từ B202 sang B302 do B302 thiếu loa', '2026-05-12 07:31:56'),
(35, 43, 'B', 'B203', 4, 8, 'B', 'B202', '2024-05-26 17:00:00', 'Điều chuyển switch mạng sang phòng B202 theo yêu cầu', '2026-05-12 07:31:56'),
(36, 44, 'D', 'D201', 9, 10, 'C', 'C202', '2024-05-30 17:00:00', 'Điều chuyển loa âm trần sang phòng C202 theo lịch học', '2026-05-12 07:31:56'),
(37, 45, 'VP_CNTT', 'VP_CNTT', 5, 4, 'VP_CSVC', 'VP_CSVC', '2024-06-02 17:00:00', 'Điều chuyển switch mạng hỗ trợ hạ tầng mạng CSVC', '2026-05-12 07:31:56'),
(38, 46, 'B', 'B101', 6, 8, 'B', 'B202', '2024-06-04 17:00:00', 'Điều chuyển máy chiếu Epson sang phòng B202 do B101 đã có lắp mới', '2026-05-12 07:31:56'),
(39, 47, 'B', 'B102', 6, 3, 'XƯỞNG', 'LAB_CK01', '2024-06-07 17:00:00', 'Điều chuyển màn chiếu điện sang xưởng LAB_CK01 phục vụ thực hành', '2026-05-12 07:31:56'),
(40, 48, 'C', 'C101', 3, 6, 'XƯỞNG', 'LAB_CK02', '2024-06-10 17:00:00', 'Điều chuyển quạt trần sang xưởng LAB_CK02 do xưởng thiếu thông gió', '2026-05-12 07:31:56'),
(41, 49, 'C', 'C202', 10, 8, 'XƯỞNG', 'LAB_XD02', '2024-06-13 17:00:00', 'Điều chuyển bộ mô phỏng ô tô điện sang xưởng XD02 theo thỏa thuận', '2026-05-12 07:31:56'),
(43, 4, 'A', 'A201', 4, 9, 'XƯỞNG', 'LAB_KTD01', '2024-06-18 17:00:00', 'Điều chuyển máy lạnh Mitsubishi sang xưởng LAB_KTD01', '2026-05-12 07:31:56'),
(44, 8, 'XƯỞNG', 'LAB_KTD01', 9, 4, 'XƯỞNG', 'LAB_KTD02', '2024-06-20 17:00:00', 'Điều chuyển bàn thí nghiệm điện sang LAB_KTD02 sau bảo trì', '2026-05-12 07:31:56'),
(45, 14, 'A', 'A202', 4, 8, 'B', 'B202', '2024-06-23 17:00:00', 'Điều chuyển máy lạnh Mitsubishi sang phòng B202 theo kế hoạch', '2026-05-12 07:31:56'),
(46, 21, 'XƯỞNG', 'LAB_KTOTO02', 10, 3, 'XƯỞNG', 'LAB_CK01', '2024-06-26 17:00:00', 'Điều chuyển bộ mô phỏng ô tô sang xưởng CK01 thực nghiệm', '2026-05-12 07:31:56'),
(47, 24, 'XƯỞNG', 'LAB_KTOTO01', 10, 8, 'XƯỞNG', 'LAB_XD01', '2024-06-29 17:00:00', 'Điều chuyển bộ mô phỏng hệ thống phanh ABS sang xưởng XD01', '2026-05-12 07:31:56'),
(48, 32, 'XƯỞNG', 'LAB_CNTT02', 7, 5, 'VP_CNTT', 'VP_CNTT', '2024-07-02 17:00:00', 'Điều chuyển switch mạng về VP_CNTT bảo trì định kỳ', '2026-05-12 07:31:56'),
(49, 39, 'XƯỞNG', 'LAB_XD01', 8, 10, 'XƯỞNG', 'LAB_KTOTO01', '2024-07-05 17:00:00', 'Điều chuyển kệ dụng cụ sang xưởng KTOTO01 theo yêu cầu', '2026-05-12 07:31:56'),
(50, 9, 'XƯỞNG', 'LAB_KTOTO01', 10, 6, 'XƯỞNG', 'LAB_CK01', '2024-07-08 17:00:00', 'Điều chuyển bộ mô phỏng ô tô sang xưởng CK01 phục vụ nghiên cứu', '2026-05-12 07:31:56');

-- Bảng: asset_ratings
CREATE TABLE `asset_ratings` (
  `id` bigint unsigned NOT NULL AUTO_INCREMENT,
  `asset_id` bigint unsigned NOT NULL,
  `reviewer_user_id` bigint unsigned DEFAULT NULL,
  `reviewer_name` varchar(150) CHARACTER SET utf8mb4 COLLATE utf8mb4_unicode_ci DEFAULT NULL,
  `rating_stars` int NOT NULL,
  `rated_at` datetime NOT NULL,
  `rating_note` varchar(1000) CHARACTER SET utf8mb4 COLLATE utf8mb4_unicode_ci DEFAULT NULL,
  `created_at` datetime NOT NULL DEFAULT CURRENT_TIMESTAMP,
  PRIMARY KEY (`id`),
  KEY `idx_asset_ratings_asset_id` (`asset_id`),
  KEY `idx_asset_ratings_rated_at` (`rated_at`),
  KEY `fk_asset_ratings_reviewer_user_id` (`reviewer_user_id`),
  CONSTRAINT `fk_asset_ratings_asset_id` FOREIGN KEY (`asset_id`) REFERENCES `assets` (`id`),
  CONSTRAINT `fk_asset_ratings_reviewer_user_id` FOREIGN KEY (`reviewer_user_id`) REFERENCES `users` (`id`),
  CONSTRAINT `chk_asset_ratings_stars` CHECK ((`rating_stars` between 1 and 5))
) ENGINE=InnoDB AUTO_INCREMENT=51 DEFAULT CHARSET=utf8mb4 COLLATE=utf8mb4_unicode_ci;

INSERT INTO `asset_ratings` (`id`, `asset_id`, `reviewer_user_id`, `reviewer_name`, `rating_stars`, `rated_at`, `rating_note`, `created_at`) VALUES
(1, 1, 6, 'Nguyễn Đức Thắng', 3, '2024-08-31 18:00:00', 'Máy lạnh hoạt động ổn nhưng cần bảo trì thường xuyên hơn', '2026-05-12 07:31:56'),
(3, 3, 4, 'Trần Thị Lan Anh', 2, '2024-09-02 18:00:00', 'Camera hay bị lỗi kết nối', '2026-05-12 07:31:56'),
(4, 4, 9, 'Đặng Thị Thu Hằng', 4, '2024-09-03 18:00:00', 'Máy lạnh làm mát tốt', '2026-05-12 07:31:56'),
(5, 5, 9, 'Đặng Thị Thu Hằng', 4, '2024-09-04 18:00:00', 'Bàn thí nghiệm chắc chắn', '2026-05-12 07:31:56'),
(6, 6, 6, 'Nguyễn Đức Thắng', 3, '2024-09-05 18:00:00', 'Quạt trần ồn một chút nhưng vẫn hoạt động được', '2026-05-12 07:31:56'),
(7, 7, 9, 'Đặng Thị Thu Hằng', 5, '2024-09-06 18:00:00', 'Bàn thí nghiệm chất lượng tốt', '2026-05-12 07:31:56'),
(8, 8, 9, 'Đặng Thị Thu Hằng', 2, '2024-09-07 18:00:00', 'Bàn thí nghiệm đang bảo trì', '2026-05-12 07:31:56'),
(9, 9, 10, 'Phan Minh Khoa', 1, '2024-09-08 18:00:00', 'Bộ mô phỏng bị hỏng nặng', '2026-05-12 07:31:56'),
(10, 10, 10, 'Phan Minh Khoa', 5, '2024-09-09 18:00:00', 'Mô hình động cơ ô tô rất trực quan', '2026-05-12 07:31:56'),
(11, 11, 6, 'Nguyễn Đức Thắng', 4, '2024-09-10 18:00:00', 'Kệ dụng cụ cơ khí bền', '2026-05-12 07:31:56'),
(12, 12, 6, 'Nguyễn Đức Thắng', 2, '2024-09-11 18:00:00', 'Mô hình động cơ diesel cần bảo trì', '2026-05-12 07:31:56'),
(13, 13, 8, 'Hoàng Văn Bình', 4, '2024-09-12 18:00:00', 'Ghế học sinh bền', '2026-05-12 07:31:56'),
(14, 14, 8, 'Hoàng Văn Bình', 2, '2024-09-13 18:00:00', 'Máy lạnh Mitsubishi đang hỏng', '2026-05-12 07:31:56'),
(15, 15, 8, 'Hoàng Văn Bình', 4, '2024-09-14 18:00:00', 'Quạt trần hoạt động ổn', '2026-05-12 07:31:56'),
(16, 16, 9, 'Đặng Thị Thu Hằng', 5, '2024-09-15 18:00:00', 'Bàn học gỗ công nghiệp chắc chắn', '2026-05-12 07:31:56'),
(17, 17, 5, 'Võ Hoàng Nam', 2, '2024-09-16 18:00:00', 'Switch mạng đang bảo trì', '2026-05-12 07:31:56'),
(18, 18, 9, 'Đặng Thị Thu Hằng', 4, '2024-09-17 18:00:00', 'Loa âm trần âm thanh rõ', '2026-05-12 07:31:56'),
(19, 19, 10, 'Phan Minh Khoa', 3, '2024-09-18 18:00:00', 'Quạt trần cũ', '2026-05-12 07:31:56'),
(20, 20, 10, 'Phan Minh Khoa', 5, '2024-09-19 18:00:00', 'Bàn học mới', '2026-05-12 07:31:56'),
(21, 21, 10, 'Phan Minh Khoa', 4, '2024-09-20 18:00:00', 'Bộ mô phỏng ô tô hoạt động tốt', '2026-05-12 07:31:56'),
(23, 23, 8, 'Hoàng Văn Bình', 5, '2024-09-22 18:00:00', 'Bàn vẽ kỹ thuật rất tốt', '2026-05-12 07:31:56'),
(24, 24, 10, 'Phan Minh Khoa', 1, '2024-09-23 18:00:00', 'Bộ mô phỏng hệ thống phanh ABS bị hỏng', '2026-05-12 07:31:56'),
(25, 25, 10, 'Phan Minh Khoa', 3, '2024-09-24 18:00:00', 'Ghế học sinh còn dùng được nhưng đã cũ', '2026-05-12 07:31:56'),
(26, 26, 10, 'Phan Minh Khoa', 5, '2024-09-25 18:00:00', 'Bộ mô phỏng hộp số hoạt động hoàn hảo', '2026-05-12 07:31:56'),
(27, 27, 8, 'Hoàng Văn Bình', 4, '2024-09-26 18:00:00', 'Bàn vẽ kỹ thuật tốt', '2026-05-12 07:31:56'),
(28, 28, 4, 'Trần Thị Lan Anh', 2, '2024-09-27 18:00:00', 'Máy chiếu đang bảo trì', '2026-05-12 07:31:56'),
(29, 29, 9, 'Đặng Thị Thu Hằng', 4, '2024-09-28 18:00:00', 'Máy chiếu Epson sáng rõ', '2026-05-12 07:31:56'),
(30, 30, 7, 'Bùi Thị Hồng Nhung', 2, '2024-09-29 18:00:00', 'Camera bảo trì lâu', '2026-05-12 07:31:56'),
(31, 31, 7, 'Bùi Thị Hồng Nhung', 5, '2024-09-30 18:00:00', 'Switch mạng mới', '2026-05-12 07:31:56'),
(32, 32, 7, 'Bùi Thị Hồng Nhung', 4, '2024-10-01 18:00:00', 'Switch mạng hoạt động tốt', '2026-05-12 07:31:56'),
(33, 33, 9, 'Đặng Thị Thu Hằng', 1, '2024-10-02 18:00:00', 'Bàn thí nghiệm bị hỏng', '2026-05-12 07:31:56'),
(34, 34, 9, 'Đặng Thị Thu Hằng', 2, '2024-10-03 18:00:00', 'Loa âm trần bảo trì', '2026-05-12 07:31:56'),
(35, 35, 8, 'Hoàng Văn Bình', 4, '2024-10-04 18:00:00', 'Camera giám sát hoạt động tốt', '2026-05-12 07:31:56'),
(36, 36, 6, 'Nguyễn Đức Thắng', 2, '2024-10-05 18:00:00', 'Mô hình động cơ xăng đang bảo trì', '2026-05-12 07:31:56'),
(37, 37, 6, 'Nguyễn Đức Thắng', 5, '2024-10-06 18:00:00', 'Kệ dụng cụ cơ khí rất tiện lợi', '2026-05-12 07:31:56'),
(38, 38, 6, 'Nguyễn Đức Thắng', 5, '2024-10-07 18:00:00', 'Kệ dụng cụ mới', '2026-05-12 07:31:56'),
(39, 39, 10, 'Phan Minh Khoa', 2, '2024-10-08 18:00:00', 'Kệ dụng cụ đang bảo trì', '2026-05-12 07:31:56'),
(40, 40, 10, 'Phan Minh Khoa', 4, '2024-10-09 18:00:00', 'Kệ dụng cụ cơ khí đủ chắc', '2026-05-12 07:31:56'),
(41, 41, 10, 'Phan Minh Khoa', 5, '2024-10-10 18:00:00', 'Bộ mô phỏng lái xe rất hiện đại', '2026-05-12 07:31:56'),
(42, 42, 8, 'Hoàng Văn Bình', 4, '2024-10-11 18:00:00', 'Loa âm trần mới lắp', '2026-05-12 07:31:56'),
(43, 43, 8, 'Hoàng Văn Bình', 4, '2024-10-12 18:00:00', 'Switch mạng ổn định', '2026-05-12 07:31:56'),
(44, 44, 9, 'Đặng Thị Thu Hằng', 5, '2024-10-13 18:00:00', 'Loa âm trần mới', '2026-05-12 07:31:56'),
(45, 45, 5, 'Võ Hoàng Nam', 4, '2024-10-14 18:00:00', 'Switch mạng mới lắp đặt', '2026-05-12 07:31:56'),
(46, 46, 6, 'Nguyễn Đức Thắng', 4, '2024-10-15 18:00:00', 'Máy chiếu Epson sáng rõ', '2026-05-12 07:31:56'),
(47, 47, 6, 'Nguyễn Đức Thắng', 4, '2024-10-16 18:00:00', 'Màn chiếu điện hoạt động trơn tru', '2026-05-12 07:31:56'),
(48, 48, 6, 'Nguyễn Đức Thắng', 4, '2024-10-17 18:00:00', 'Quạt trần mới', '2026-05-12 07:31:56'),
(49, 49, 10, 'Phan Minh Khoa', 5, '2024-10-18 18:00:00', 'Bộ mô phỏng ô tô điện rất tiên tiến', '2026-05-12 07:31:56');

-- Bảng: asset_liquidations
CREATE TABLE `asset_liquidations` (
  `id` bigint unsigned NOT NULL AUTO_INCREMENT,
  `asset_id` bigint unsigned NOT NULL,
  `card_number` varchar(50) CHARACTER SET utf8mb4 COLLATE utf8mb4_unicode_ci NOT NULL,
  `asset_name` varchar(200) CHARACTER SET utf8mb4 COLLATE utf8mb4_unicode_ci NOT NULL,
  `liquidation_date` date NOT NULL,
  `liquidation_reason` varchar(500) CHARACTER SET utf8mb4 COLLATE utf8mb4_unicode_ci DEFAULT NULL,
  `unit_name` varchar(150) CHARACTER SET utf8mb4 COLLATE utf8mb4_unicode_ci DEFAULT NULL,
  `quantity` int NOT NULL DEFAULT '1',
  `liquidated_by_user_id` bigint unsigned DEFAULT NULL,
  `liquidated_by_name` varchar(150) CHARACTER SET utf8mb4 COLLATE utf8mb4_unicode_ci DEFAULT NULL,
  `attachments_json` json DEFAULT NULL,
  `created_at` datetime NOT NULL DEFAULT CURRENT_TIMESTAMP,
  PRIMARY KEY (`id`),
  KEY `idx_asset_liquidations_asset_id` (`asset_id`),
  KEY `idx_asset_liquidations_liquidation_date` (`liquidation_date`),
  KEY `fk_asset_liquidations_liquidated_by_user_id` (`liquidated_by_user_id`),
  CONSTRAINT `fk_asset_liquidations_asset_id` FOREIGN KEY (`asset_id`) REFERENCES `assets` (`id`),
  CONSTRAINT `fk_asset_liquidations_liquidated_by_user_id` FOREIGN KEY (`liquidated_by_user_id`) REFERENCES `users` (`id`)
) ENGINE=InnoDB AUTO_INCREMENT=51 DEFAULT CHARSET=utf8mb4 COLLATE=utf8mb4_unicode_ci;

INSERT INTO `asset_liquidations` (`id`, `asset_id`, `card_number`, `asset_name`, `liquidation_date`, `liquidation_reason`, `unit_name`, `quantity`, `liquidated_by_user_id`, `liquidated_by_name`, `attachments_json`, `created_at`) VALUES
(1, 3, '1003', 'Camera giám sát', '2024-12-12 17:00:00', 'Hư hỏng không thể sửa chữa', 'Phòng Cơ sở Vật chất', 1, 4, 'Trần Thị Lan Anh', CAST('["liq_1003_1.jpg","liq_1003_2.jpg"]' AS JSON), '2026-05-12 07:31:56'),
(2, 8, '1008', 'Bàn thí nghiệm điện', '2024-10-30 17:00:00', 'Lỗi thời công nghệ', 'Phòng Thiết bị', 2, 4, 'Trần Thị Lan Anh', CAST('["liq_1008_1.jpg"]' AS JSON), '2026-05-12 07:31:56'),
(3, 9, '1009', 'Bộ mô phỏng ô tô', '2024-06-01 17:00:00', 'Hư hỏng không thể sửa chữa', 'Phòng Thiết bị', 1, 10, 'Phan Minh Khoa', CAST('["liq_1009_1.jpg","liq_1009_2.jpg"]' AS JSON), '2026-05-12 07:31:56'),
(4, 12, '1012', 'Mô hình động cơ diesel', '2024-05-18 17:00:00', 'Thiết bị xuống cấp nặng', 'Phòng Thiết bị', 1, 6, 'Nguyễn Đức Thắng', CAST('["liq_1012_1.jpg"]' AS JSON), '2026-05-12 07:31:56'),
(5, 14, '1014', 'Máy lạnh Mitsubishi', '2024-01-18 17:00:00', 'Thiết bị xuống cấp nặng', 'Khoa Xây dựng', 1, 8, 'Hoàng Văn Bình', CAST('["liq_1014_1.jpg","liq_1014_2.jpg"]' AS JSON), '2026-05-12 07:31:56'),
(6, 24, '1024', 'Bộ mô phỏng hệ thống phanh ABS', '2024-03-12 17:00:00', 'Hư hỏng không thể sửa chữa', 'Khoa Kỹ thuật Ô tô', 1, 10, 'Phan Minh Khoa', CAST('["liq_1024_1.jpg"]' AS JSON), '2026-05-12 07:31:56'),
(7, 34, '1034', 'Loa âm trần', '2024-04-04 17:00:00', 'Hư hỏng không thể sửa chữa', 'Phòng Thiết bị', 1, 4, 'Trần Thị Lan Anh', CAST('["liq_1034_1.jpg","liq_1034_2.jpg"]' AS JSON), '2026-05-12 07:31:56'),
(8, 36, '1036', 'Mô hình động cơ xăng', '2024-03-22 17:00:00', 'Lỗi thời công nghệ', 'Khoa Cơ khí', 1, 6, 'Nguyễn Đức Thắng', CAST('["liq_1036_1.jpg"]' AS JSON), '2026-05-12 07:31:56'),
(9, 39, '1039', 'Kệ dụng cụ cơ khí', '2024-10-26 17:00:00', 'Không còn nhu cầu sử dụng', 'Khoa Kỹ thuật Ô tô', 1, 10, 'Phan Minh Khoa', CAST('["liq_1039_1.jpg","liq_1039_2.jpg"]' AS JSON), '2026-05-12 07:31:56'),
(11, 27, '1027', 'Bàn vẽ kỹ thuật', '2024-10-17 17:00:00', 'Không còn nhu cầu sử dụng', 'Khoa Xây dựng', 1, 8, 'Hoàng Văn Bình', CAST('["liq_1027_1.jpg"]' AS JSON), '2026-05-12 07:31:56'),
(12, 42, '1042', 'Loa âm trần', '2024-10-13 17:00:00', 'Thiết bị xuống cấp nặng', 'Phòng Thiết bị', 1, 4, 'Trần Thị Lan Anh', CAST('["liq_1042_1.jpg"]' AS JSON), '2026-05-12 07:31:56'),
(13, 32, '1032', 'Switch mạng 24 cổng', '2024-07-24 17:00:00', 'Lỗi thời công nghệ', 'Phòng Công nghệ Thông tin', 1, 5, 'Võ Hoàng Nam', CAST('["liq_1032_1.jpg"]' AS JSON), '2026-05-12 07:31:56'),
(14, 21, '1021', 'Bộ mô phỏng ô tô', '2024-10-11 17:00:00', 'Chi phí sửa chữa vượt mức cho phép', 'Khoa Kỹ thuật Ô tô', 1, 10, 'Phan Minh Khoa', CAST('["liq_1021_1.jpg"]' AS JSON), '2026-05-12 07:31:56'),
(15, 27, '1027', 'Bàn vẽ kỹ thuật', '2024-04-12 17:00:00', 'Chi phí sửa chữa vượt mức cho phép', 'Phòng Cơ sở Vật chất', 1, 4, 'Trần Thị Lan Anh', CAST('["liq_1027_1.jpg"]' AS JSON), '2026-05-12 07:31:56'),
(16, 19, '1019', 'Quạt trần công nghiệp', '2024-07-24 17:00:00', 'Chi phí sửa chữa vượt mức cho phép', 'Khoa Kỹ thuật Ô tô', 1, 10, 'Phan Minh Khoa', CAST('["liq_1019_1.jpg"]' AS JSON), '2026-05-12 07:31:56'),
(17, 11, '1011', 'Kệ dụng cụ cơ khí', '2024-11-17 17:00:00', 'Hư hỏng không thể sửa chữa', 'Phòng Cơ sở Vật chất', 1, 4, 'Trần Thị Lan Anh', CAST('["liq_1011_1.jpg"]' AS JSON), '2026-05-12 07:31:56'),
(18, 11, '1011', 'Kệ dụng cụ cơ khí', '2024-04-22 17:00:00', 'Chi phí sửa chữa vượt mức cho phép', 'Phòng Cơ sở Vật chất', 1, 4, 'Trần Thị Lan Anh', CAST('["liq_1011_1.jpg"]' AS JSON), '2026-05-12 07:31:56'),
(19, 30, '1030', 'Camera giám sát', '2024-09-10 17:00:00', 'Chi phí sửa chữa vượt mức cho phép', 'Phòng Cơ sở Vật chất', 1, 4, 'Trần Thị Lan Anh', CAST('["liq_1030_1.jpg"]' AS JSON), '2026-05-12 07:31:56'),
(20, 30, '1030', 'Camera giám sát', '2024-03-25 17:00:00', 'Chi phí sửa chữa vượt mức cho phép', 'Khoa Công nghệ Thông tin', 1, 7, 'Bùi Thị Hồng Nhung', CAST('["liq_1030_1.jpg"]' AS JSON), '2026-05-12 07:31:56'),
(21, 45, '1045', 'Switch mạng 24 cổng', '2024-02-09 17:00:00', 'Chi phí sửa chữa vượt mức cho phép', 'Phòng Công nghệ Thông tin', 1, 5, 'Võ Hoàng Nam', CAST('["liq_1045_1.jpg"]' AS JSON), '2026-05-12 07:31:56'),
(22, 26, '1026', 'Bộ mô phỏng hộp số tự động', '2024-11-26 17:00:00', 'Thiết bị xuống cấp nặng', 'Phòng Cơ sở Vật chất', 1, 4, 'Trần Thị Lan Anh', CAST('["liq_1026_1.jpg"]' AS JSON), '2026-05-12 07:31:56'),
(23, 13, '1013', 'Ghế học sinh', '2024-10-01 17:00:00', 'Chi phí sửa chữa vượt mức cho phép', 'Khoa Xây dựng', 5, 8, 'Hoàng Văn Bình', CAST('["liq_1013_1.jpg"]' AS JSON), '2026-05-12 07:31:56'),
(24, 39, '1039', 'Kệ dụng cụ cơ khí', '2024-02-28 17:00:00', 'Chi phí sửa chữa vượt mức cho phép', 'Khoa Kỹ thuật Ô tô', 1, 10, 'Phan Minh Khoa', CAST('["liq_1039_1.jpg"]' AS JSON), '2026-05-12 07:31:56'),
(25, 9, '1009', 'Bộ mô phỏng ô tô', '2024-05-30 17:00:00', 'Không còn nhu cầu sử dụng', 'Khoa Cơ khí', 1, 6, 'Nguyễn Đức Thắng', CAST('["liq_1009_1.jpg"]' AS JSON), '2026-05-12 07:31:56'),
(26, 14, '1014', 'Máy lạnh Mitsubishi', '2024-09-19 17:00:00', 'Thiết bị xuống cấp nặng', 'Phòng Thiết bị', 1, 4, 'Trần Thị Lan Anh', CAST('["liq_1014_1.jpg"]' AS JSON), '2026-05-12 07:31:56'),
(27, 3, '1003', 'Camera giám sát', '2024-02-26 17:00:00', 'Không còn nhu cầu sử dụng', 'Phòng Thiết bị', 1, 4, 'Trần Thị Lan Anh', CAST('["liq_1003_1.jpg"]' AS JSON), '2026-05-12 07:31:56'),
(28, 25, '1025', 'Ghế học sinh', '2024-06-12 17:00:00', 'Thiết bị xuống cấp nặng', 'Phòng Cơ sở Vật chất', 10, 4, 'Trần Thị Lan Anh', CAST('["liq_1025_1.jpg"]' AS JSON), '2026-05-12 07:31:56'),
(29, 3, '1003', 'Camera giám sát', '2024-08-15 17:00:00', 'Thiết bị xuống cấp nặng', 'Khoa Cơ khí', 1, 6, 'Nguyễn Đức Thắng', CAST('["liq_1003_1.jpg"]' AS JSON), '2026-05-12 07:31:56'),
(31, 12, '1012', 'Mô hình động cơ diesel', '2023-04-30 17:00:00', 'Thiết bị xuống cấp nặng', 'Phòng Thiết bị', 1, 3, 'Lê Văn Hùng', CAST('["liq_1012_1.jpg"]' AS JSON), '2026-05-12 07:31:56'),
(32, 39, '1039', 'Kệ dụng cụ cơ khí', '2023-02-11 17:00:00', 'Hư hỏng không thể sửa chữa', 'Phòng Thiết bị', 1, 3, 'Lê Văn Hùng', CAST('["liq_1039_1.jpg"]' AS JSON), '2026-05-12 07:31:56'),
(33, 32, '1032', 'Switch mạng 24 cổng', '2023-11-14 17:00:00', 'Chi phí sửa chữa vượt mức cho phép', 'Phòng Thiết bị', 1, 5, 'Võ Hoàng Nam', CAST('["liq_1032_1.jpg"]' AS JSON), '2026-05-12 07:31:56'),
(34, 32, '1032', 'Switch mạng 24 cổng', '2023-09-05 17:00:00', 'Lỗi thời công nghệ', 'Khoa Xây dựng', 1, 8, 'Hoàng Văn Bình', CAST('["liq_1032_1.jpg"]' AS JSON), '2026-05-12 07:31:56'),
(36, 19, '1019', 'Quạt trần công nghiệp', '2023-05-18 17:00:00', 'Thiết bị xuống cấp nặng', 'Khoa Cơ khí', 1, 6, 'Nguyễn Đức Thắng', CAST('["liq_1019_1.jpg"]' AS JSON), '2026-05-12 07:31:56'),
(37, 46, '1046', 'Máy chiếu Epson', '2023-03-07 17:00:00', 'Thiết bị xuống cấp nặng', 'Khoa Cơ khí', 1, 6, 'Nguyễn Đức Thắng', CAST('["liq_1046_1.jpg"]' AS JSON), '2026-05-12 07:31:56'),
(38, 32, '1032', 'Switch mạng 24 cổng', '2023-11-10 17:00:00', 'Hư hỏng không thể sửa chữa', 'Phòng Thiết bị', 1, 5, 'Võ Hoàng Nam', CAST('["liq_1032_1.jpg"]' AS JSON), '2026-05-12 07:31:56'),
(39, 32, '1032', 'Switch mạng 24 cổng', '2023-09-18 17:00:00', 'Thiết bị xuống cấp nặng', 'Phòng Cơ sở Vật chất', 1, 4, 'Trần Thị Lan Anh', CAST('["liq_1032_1.jpg"]' AS JSON), '2026-05-12 07:31:56'),
(41, 35, '1035', 'Camera giám sát', '2023-09-10 17:00:00', 'Chi phí sửa chữa vượt mức cho phép', 'Khoa Xây dựng', 1, 8, 'Hoàng Văn Bình', CAST('["liq_1035_1.jpg"]' AS JSON), '2026-05-12 07:31:56'),
(43, 40, '1040', 'Kệ dụng cụ cơ khí', '2023-05-06 17:00:00', 'Hư hỏng không thể sửa chữa', 'Khoa Cơ khí', 1, 6, 'Nguyễn Đức Thắng', CAST('["liq_1040_1.jpg"]' AS JSON), '2026-05-12 07:31:56'),
(44, 24, '1024', 'Bộ mô phỏng hệ thống phanh ABS', '2023-09-26 17:00:00', 'Lỗi thời công nghệ', 'Khoa Kỹ thuật Ô tô', 1, 10, 'Phan Minh Khoa', CAST('["liq_1024_1.jpg"]' AS JSON), '2026-05-12 07:31:56'),
(46, 18, '1018', 'Loa âm trần', '2023-10-26 17:00:00', 'Chi phí sửa chữa vượt mức cho phép', 'Khoa Cơ khí', 1, 6, 'Nguyễn Đức Thắng', CAST('["liq_1018_1.jpg"]' AS JSON), '2026-05-12 07:31:56'),
(47, 5, '1005', 'Bàn thí nghiệm điện', '2023-05-24 17:00:00', 'Chi phí sửa chữa vượt mức cho phép', 'Phòng Thiết bị', 1, 4, 'Trần Thị Lan Anh', CAST('["liq_1005_1.jpg"]' AS JSON), '2026-05-12 07:31:56'),
(48, 26, '1026', 'Bộ mô phỏng hộp số tự động', '2023-01-20 17:00:00', 'Lỗi thời công nghệ', 'Khoa Cơ khí', 1, 6, 'Nguyễn Đức Thắng', CAST('["liq_1026_1.jpg"]' AS JSON), '2026-05-12 07:31:56'),
(49, 12, '1012', 'Mô hình động cơ diesel', '2023-08-19 17:00:00', 'Hư hỏng không thể sửa chữa', 'Khoa Công nghệ Thông tin', 1, 7, 'Bùi Thị Hồng Nhung', CAST('["liq_1012_1.jpg"]' AS JSON), '2026-05-12 07:31:56'),
(50, 38, '1038', 'Kệ dụng cụ cơ khí', '2023-03-13 17:00:00', 'Hư hỏng không thể sửa chữa', 'Khoa Xây dựng', 1, 8, 'Hoàng Văn Bình', CAST('["liq_1038_1.jpg"]' AS JSON), '2026-05-12 07:31:56');

SET FOREIGN_KEY_CHECKS = 1;
